Target Pref Name,DLiP-ID,Informative Target Pref Name
BCL2-Like_BAX,I0011I,
BCL2-Like_BAX,I00006,BCL2/BAX
BCL2-Like_BAX,I00006,BCL2/BAX
BCL2-Like_BAX,I00009,BCL2/BAX
BCL2-Like_BAX,I00009,MCL1/BAX
BCL2-Like_BAX,I00009,MCL1/BAX
BCL2-Like_BAX,I00009,BCL2/BAX
BCL2-Like_BAX,I0000A,
BCL2-Like_BAX,I0000B,MCL1/BAX
BCL2-Like_BAX,I0000B,BCL2/BAX
BCL2-Like_BAX,I0000B,BCL2/BAX
BCL2-Like_BAX,I0000B,MCL1/BAX
BCL2-Like_BAX,I0000C,
BCL2-Like_BAX,I0000F,
BCL2-Like_BAX,I0000G,BCL2/BAX
BCL2-Like_BAX,I0000G,B2CL1/BAX
BCL2-Like_BAX,I0000G,BCL2/BAX
BCL2-Like_BAX,I0000G,B2CL1/BAX
BCL2-Like_BAX,I0004A,BCL2/BAX
BCL2-Like_BAX,I0004A,MCL1/BAX
BCL2-Like_BAX,I0004A,BCL2/BAX
BCL2-Like_BAX,I0004A,MCL1/BAX
BCL2-Like_BAX,I0001B,BCL2/BAX
BCL2-Like_BAX,I0001B,BCL2/BAX
BCL2-Like_BAX,I0001D,B2CL1/BAX
BCL2-Like_BAX,I0001D,BCL2/BAX
BCL2-Like_BAX,I0001D,BCL2/BAX
BCL2-Like_BAX,I0001D,B2CL1/BAX
BCL2-Like_BAX,I0001E,
BCL2-Like_BAX,I0001I,BCL2/BAX
BCL2-Like_BAX,I0001I,BCL2/BAX
BCL2-Like_BAX,I0001J,B2CL1/BAX
BCL2-Like_BAX,I0001J,B2CL1/BAX
BCL2-Like_BAX,I00028,BCL2/BAX
BCL2-Like_BAX,I00028,BCL2/BAX
BCL2-Like_BAX,I0001P,
BCL2-Like_BAX,I0001Q,BCL2/BAX
BCL2-Like_BAX,I0001Q,B2CL1/BAX
BCL2-Like_BAX,I0001Q,B2CL1/BAX
BCL2-Like_BAX,I0001Q,BCL2/BAX
BCL2-Like_BAX,I0001W,BCL2/BAX
BCL2-Like_BAX,I0001W,B2CL2/BAX
BCL2-Like_BAX,I0001W,B2CL2/BAX
BCL2-Like_BAX,I0001W,BCL2/BAX
BCL2-Like_BAX,I0001X,
BCL2-Like_BAX,I00020,BCL2/BAX
BCL2-Like_BAX,I00020,BCL2/BAX
BCL2-Like_BAX,I00022,B2CL1/BAX
BCL2-Like_BAX,I00022,B2CL1/BAX
BCL2-Like_BAX,I00022,BCL2/BAX
BCL2-Like_BAX,I00022,BCL2/BAX
BCL2-Like_BAX,I00023,
BCL2-Like_BAX,I00029,MCL1/BAX
BCL2-Like_BAX,I00029,BCL2/BAX
BCL2-Like_BAX,I00029,BCL2/BAX
BCL2-Like_BAX,I00029,MCL1/BAX
BCL2-Like_BAX,I0002A,
BCL2-Like_BAX,I0002F,B2CL1/BAX
BCL2-Like_BAX,I0002F,B2CL1/BAX
BCL2-Like_BAX,I0002F,BCL2/BAX
BCL2-Like_BAX,I0002F,BCL2/BAX
BCL2-Like_BAX,I0002G,
BCL2-Like_BAX,I0002K,B2CL1/BAX
BCL2-Like_BAX,I0002K,BCL2/BAX
BCL2-Like_BAX,I0002K,B2CL1/BAX
BCL2-Like_BAX,I0002K,BCL2/BAX
BCL2-Like_BAX,I0002L,
BCL2-Like_BAX,I0002S,B2CL1/BAX
BCL2-Like_BAX,I0002S,BCL2/BAX
BCL2-Like_BAX,I0002S,BCL2/BAX
BCL2-Like_BAX,I0002S,B2CL1/BAX
BCL2-Like_BAX,I0002T,
BCL2-Like_BAX,I00034,BCL2/BAX
BCL2-Like_BAX,I00034,BCL2/BAX
BCL2-Like_BAX,I00036,BCL2/BAX
BCL2-Like_BAX,I00036,BCL2/BAX
BCL2-Like_BAX,I00037,BCL2/BAX
BCL2-Like_BAX,I00037,BCL2/BAX
BCL2-Like_BAX,I0003A,BCL2/BAX
BCL2-Like_BAX,I0003A,B2CL1/BAX
BCL2-Like_BAX,I0003A,MCL1/BAX
BCL2-Like_BAX,I0003A,MCL1/BAX
BCL2-Like_BAX,I0003A,B2CL1/BAX
BCL2-Like_BAX,I0003A,B2LA1/BAX
BCL2-Like_BAX,I0003A,B2LA1/BAX
BCL2-Like_BAX,I0003A,BCL2/BAX
BCL2-Like_BAX,I0003B,
BCL2-Like_BAX,I0003C,
BCL2-Like_BAX,I0003D,
BCL2-Like_BAX,I0003G,BCL2/BAX
BCL2-Like_BAX,I0003G,BCL2/BAX
BCL2-Like_BAX,I0003U,
BCL2-Like_BAX,I0003S,BCL2/BAX
BCL2-Like_BAX,I0003S,BCL2/BAX
BCL2-Like_BAX,I0003T,BCL2/BAX
BCL2-Like_BAX,I0003T,BCL2/BAX
BCL2-Like_BAX,I0003T,B2CL2/BAX
BCL2-Like_BAX,I0003T,B2CL2/BAX
BCL2-Like_BAX,I0003W,BCL2/BAX
BCL2-Like_BAX,I0003W,B2CL1/BAX
BCL2-Like_BAX,I0003W,B2CL1/BAX
BCL2-Like_BAX,I0003W,BCL2/BAX
BCL2-Like_BAX,I0003X,
BCL2-Like_BAX,I00049,
BCL2-Like_BAX,I0004I,BCL2/BAX
BCL2-Like_BAX,I0004I,BCL2/BAX
BCL2-Like_BAX,I0004K,BCL2/BAX
BCL2-Like_BAX,I0004K,BCL2/BAX
BCL2-Like_BAX,I0004M,BCL2/BAX
BCL2-Like_BAX,I0004M,BCL2/BAX
BCL2-Like_BAX,I0004S,BCL2/BAX
BCL2-Like_BAX,I0004S,BCL2/BAX
BCL2-Like_BAX,I00055,BCL2/BAX
BCL2-Like_BAX,I00055,BCL2/BAX
BCL2-Like_BAX,I0005B,BCL2/BAX
BCL2-Like_BAX,I0005B,BCL2/BAX
BCL2-Like_BAX,I0005D,BCL2/BAX
BCL2-Like_BAX,I0005D,BCL2/BAX
BCL2-Like_BAX,I0005L,B2CL1/BAX
BCL2-Like_BAX,I0005L,B2CL1/BAX
BCL2-Like_BAX,I0005M,BCL2/BAX
BCL2-Like_BAX,I0005M,BCL2/BAX
BCL2-Like_BAX,I0005X,BCL2/BAX
BCL2-Like_BAX,I0005X,BCL2/BAX
BCL2-Like_BAX,I00062,
BCL2-Like_BAX,I00063,B2CL1/BAX
BCL2-Like_BAX,I00063,B2CL1/BAX
BCL2-Like_BAX,I00063,BCL2/BAX
BCL2-Like_BAX,I00063,BCL2/BAX
BCL2-Like_BAX,I00067,BCL2/BAX
BCL2-Like_BAX,I00067,BCL2/BAX
BCL2-Like_BAX,I0006B,MCL1/BAX
BCL2-Like_BAX,I0006B,B2CL1/BAX
BCL2-Like_BAX,I0006B,BCL2/BAX
BCL2-Like_BAX,I0006B,MCL1/BAX
BCL2-Like_BAX,I0006B,B2CL1/BAX
BCL2-Like_BAX,I0006B,BCL2/BAX
BCL2-Like_BAX,I0006C,
BCL2-Like_BAX,I0006D,
BCL2-Like_BAX,I0006V,BCL2/BAX
BCL2-Like_BAX,I0006V,BCL2/BAX
BCL2-Like_BAX,I0007A,B2CL1/BAX
BCL2-Like_BAX,I0007A,BCL2/BAX
BCL2-Like_BAX,I0007A,B2CL1/BAX
BCL2-Like_BAX,I0007A,BCL2/BAX
BCL2-Like_BAX,I0007B,
BCL2-Like_BAX,I0007E,BCL2/BAX
BCL2-Like_BAX,I0007E,MCL1/BAX
BCL2-Like_BAX,I0007E,MCL1/BAX
BCL2-Like_BAX,I0007E,BCL2/BAX
BCL2-Like_BAX,I0007F,
BCL2-Like_BAX,I0007J,
BCL2-Like_BAX,I0007K,BCL2/BAX
BCL2-Like_BAX,I0007K,MCL1/BAX
BCL2-Like_BAX,I0007K,MCL1/BAX
BCL2-Like_BAX,I0007K,BCL2/BAX
BCL2-Like_BAX,I0007M,BCL2/BAX
BCL2-Like_BAX,I0007M,BCL2/BAX
BCL2-Like_BAX,I0007P,MCL1/BAX
BCL2-Like_BAX,I0007P,BCL2/BAX
BCL2-Like_BAX,I0007P,BCL2/BAX
BCL2-Like_BAX,I0007P,MCL1/BAX
BCL2-Like_BAX,I0007Q,
BCL2-Like_BAX,I0007W,
BCL2-Like_BAX,I0007X,BCL2/BAX
BCL2-Like_BAX,I0007X,B2CL1/BAX
BCL2-Like_BAX,I0007X,BCL2/BAX
BCL2-Like_BAX,I0007X,B2CL1/BAX
BCL2-Like_BAX,I00082,BCL2/BAX
BCL2-Like_BAX,I00082,BCL2/BAX
BCL2-Like_BAX,I00084,
BCL2-Like_BAX,I00085,B2CL1/BAX
BCL2-Like_BAX,I00085,B2CL1/BAX
BCL2-Like_BAX,I00085,BCL2/BAX
BCL2-Like_BAX,I00085,BCL2/BAX
BCL2-Like_BAX,I0008A,BCL2/BAX
BCL2-Like_BAX,I0008A,BCL2/BAX
BCL2-Like_BAX,I0008F,B2CL1/BAX
BCL2-Like_BAX,I0008F,BCL2/BAX
BCL2-Like_BAX,I0008F,BCL2/BAX
BCL2-Like_BAX,I0008F,B2CL1/BAX
BCL2-Like_BAX,I0008G,
BCL2-Like_BAX,I0008I,BCL2/BAX
BCL2-Like_BAX,I0008I,BCL2/BAX
BCL2-Like_BAX,I0008K,BCL2/BAX
BCL2-Like_BAX,I0008K,BCL2/BAX
BCL2-Like_BAX,I0008M,BCL2/BAX
BCL2-Like_BAX,I0008M,BCL2/BAX
BCL2-Like_BAX,I0008X,BCL2/BAX
BCL2-Like_BAX,I0008X,BCL2/BAX
BCL2-Like_BAX,I0009B,BCL2/BAX
BCL2-Like_BAX,I0009B,BCL2/BAX
BCL2-Like_BAX,I0009V,B2CL1/BAX
BCL2-Like_BAX,I0009V,BCL2/BAX
BCL2-Like_BAX,I0009V,BCL2/BAX
BCL2-Like_BAX,I0009V,B2CL1/BAX
BCL2-Like_BAX,I0009W,
BCL2-Like_BAX,I000A5,BCL2/BAX
BCL2-Like_BAX,I000A5,B2CL1/BAX
BCL2-Like_BAX,I000A5,B2CL1/BAX
BCL2-Like_BAX,I000A5,BCL2/BAX
BCL2-Like_BAX,I000A6,
BCL2-Like_BAX,I000A7,
BCL2-Like_BAX,I000A8,BCL2/BAX
BCL2-Like_BAX,I000A8,BCL2/BAX
BCL2-Like_BAX,I000A8,MCL1/BAX
BCL2-Like_BAX,I000A8,MCL1/BAX
BCL2-Like_BAX,I000AE,BCL2/BAX
BCL2-Like_BAX,I000AE,BCL2/BAX
BCL2-Like_BAX,I000AM,MCL1/BAX
BCL2-Like_BAX,I000AM,BCL2/BAX
BCL2-Like_BAX,I000AM,BCL2/BAX
BCL2-Like_BAX,I000AM,MCL1/BAX
BCL2-Like_BAX,I000AN,
BCL2-Like_BAX,I000AQ,BCL2/BAX
BCL2-Like_BAX,I000AQ,BCL2/BAX
BCL2-Like_BAX,I000AX,B2CL1/BAX
BCL2-Like_BAX,I000AX,BCL2/BAX
BCL2-Like_BAX,I000AX,B2CL1/BAX
BCL2-Like_BAX,I000AX,BCL2/BAX
BCL2-Like_BAX,I000AY,
BCL2-Like_BAX,I000B4,BCL2/BAX
BCL2-Like_BAX,I000B4,BCL2/BAX
BCL2-Like_BAX,I000B5,BCL2/BAX
BCL2-Like_BAX,I000B5,BCL2/BAX
BCL2-Like_BAX,I000B8,BCL2/BAX
BCL2-Like_BAX,I000B8,BCL2/BAX
BCL2-Like_BAX,I000B9,B2CL1/BAX
BCL2-Like_BAX,I000B9,BCL2/BAX
BCL2-Like_BAX,I000B9,B2CL1/BAX
BCL2-Like_BAX,I000B9,BCL2/BAX
BCL2-Like_BAX,I000BA,
BCL2-Like_BAX,I000BC,BCL2/BAX
BCL2-Like_BAX,I000BC,BCL2/BAX
BCL2-Like_BAX,I000BD,BCL2/BAX
BCL2-Like_BAX,I000BD,BCL2/BAX
BCL2-Like_BAX,I000BF,
BCL2-Like_BAX,I000BG,B2CL1/BAX
BCL2-Like_BAX,I000BG,BCL2/BAX
BCL2-Like_BAX,I000BG,BCL2/BAX
BCL2-Like_BAX,I000BG,B2CL1/BAX
BCL2-Like_BAX,I000BJ,
BCL2-Like_BAX,I000BK,B2CL1/BAX
BCL2-Like_BAX,I000BK,BCL2/BAX
BCL2-Like_BAX,I000BK,BCL2/BAX
BCL2-Like_BAX,I000BK,B2CL1/BAX
BCL2-Like_BAX,I000BP,BCL2/BAX
BCL2-Like_BAX,I000BP,BCL2/BAX
BCL2-Like_BAX,I000BR,
BCL2-Like_BAX,I000BS,B2CL1/BAX
BCL2-Like_BAX,I000BS,B2CL1/BAX
BCL2-Like_BAX,I000BS,BCL2/BAX
BCL2-Like_BAX,I000BS,BCL2/BAX
BCL2-Like_BAX,I000BY,MCL1/BAX
BCL2-Like_BAX,I000BY,MCL1/BAX
BCL2-Like_BAX,I000BY,BCL2/BAX
BCL2-Like_BAX,I000BY,B2CL1/BAX
BCL2-Like_BAX,I000BY,BCL2/BAX
BCL2-Like_BAX,I000BY,B2CL1/BAX
BCL2-Like_BAX,I000BZ,
BCL2-Like_BAX,I000C0,
BCL2-Like_BAX,I000C1,BCL2/BAX
BCL2-Like_BAX,I000C1,BCL2/BAX
BCL2-Like_BAX,I000C9,BCL2/BAX
BCL2-Like_BAX,I000C9,BCL2/BAX
BCL2-Like_BAX,I000CC,BCL2/BAX
BCL2-Like_BAX,I000CC,BCL2/BAX
BCL2-Like_BAX,I000CQ,BCL2/BAX
BCL2-Like_BAX,I000CQ,BCL2/BAX
BCL2-Like_BAX,I000CW,BCL2/BAX
BCL2-Like_BAX,I000CW,BCL2/BAX
BCL2-Like_BAX,I000CY,B2CL1/BAX
BCL2-Like_BAX,I000CY,B2CL1/BAX
BCL2-Like_BAX,I000CZ,BCL2/BAX
BCL2-Like_BAX,I000CZ,MCL1/BAX
BCL2-Like_BAX,I000CZ,BCL2/BAX
BCL2-Like_BAX,I000CZ,MCL1/BAX
BCL2-Like_BAX,I000D0,
BCL2-Like_BAX,I000D3,BCL2/BAX
BCL2-Like_BAX,I000D3,BCL2/BAX
BCL2-Like_BAX,I000D3,MCL1/BAX
BCL2-Like_BAX,I000D3,MCL1/BAX
BCL2-Like_BAX,I000D4,
BCL2-Like_BAX,I000DD,BCL2/BAX
BCL2-Like_BAX,I000DD,BCL2/BAX
BCL2-Like_BAX,I000DM,BCL2/BAX
BCL2-Like_BAX,I000DM,B2CL1/BAX
BCL2-Like_BAX,I000DM,BCL2/BAX
BCL2-Like_BAX,I000DM,B2CL1/BAX
BCL2-Like_BAX,I000DN,
BCL2-Like_BAX,I000DX,BCL2/BAX
BCL2-Like_BAX,I000DX,B2CL1/BAX
BCL2-Like_BAX,I000DX,B2CL1/BAX
BCL2-Like_BAX,I000DX,BCL2/BAX
BCL2-Like_BAX,I000DY,
BCL2-Like_BAX,I000E2,B2CL1/BAX
BCL2-Like_BAX,I000E2,BCL2/BAX
BCL2-Like_BAX,I000E2,BCL2/BAX
BCL2-Like_BAX,I000E2,B2CL1/BAX
BCL2-Like_BAX,I000E3,
BCL2-Like_BAX,I000E9,BCL2/BAX
BCL2-Like_BAX,I000E9,BCL2/BAX
BCL2-Like_BAX,I000EC,BCL2/BAX
BCL2-Like_BAX,I000EC,B2CL1/BAX
BCL2-Like_BAX,I000EC,MCL1/BAX
BCL2-Like_BAX,I000EC,B2LA1/BAX
BCL2-Like_BAX,I000EC,BCL2/BAX
BCL2-Like_BAX,I000EC,MCL1/BAX
BCL2-Like_BAX,I000EC,B2LA1/BAX
BCL2-Like_BAX,I000EC,B2CL1/BAX
BCL2-Like_BAX,I000ED,
BCL2-Like_BAX,I000EE,
BCL2-Like_BAX,I000EF,
BCL2-Like_BAX,I000EI,BCL2/BAX
BCL2-Like_BAX,I000EI,BCL2/BAX
BCL2-Like_BAX,I000ES,MCL1/BAX
BCL2-Like_BAX,I000ES,BCL2/BAX
BCL2-Like_BAX,I000ES,BCL2/BAX
BCL2-Like_BAX,I000ES,MCL1/BAX
BCL2-Like_BAX,I000ET,
BCL2-Like_BAX,I000F0,BCL2/BAX
BCL2-Like_BAX,I000F0,BCL2/BAX
BCL2-Like_BAX,I000F3,MCL1/BAX
BCL2-Like_BAX,I000F3,MCL1/BAX
BCL2-Like_BAX,I000F3,BCL2/BAX
BCL2-Like_BAX,I000F3,BCL2/BAX
BCL2-Like_BAX,I000F4,
BCL2-Like_BAX,I000F6,BCL2/BAX
BCL2-Like_BAX,I000F6,BCL2/BAX
BCL2-Like_BAX,I000F7,BCL2/BAX
BCL2-Like_BAX,I000F7,BCL2/BAX
BCL2-Like_BAX,I000F9,
BCL2-Like_BAX,I000FA,
BCL2-Like_BAX,I000FB,B2CL2/BAX
BCL2-Like_BAX,I000FB,BCL2/BAX
BCL2-Like_BAX,I000FB,B2CL1/BAX
BCL2-Like_BAX,I000FB,B2CL2/BAX
BCL2-Like_BAX,I000FB,BCL2/BAX
BCL2-Like_BAX,I000FB,B2CL1/BAX
BCL2-Like_BAX,I000FG,BCL2/BAX
BCL2-Like_BAX,I000FG,BCL2/BAX
BCL2-Like_BAX,I000FH,BCL2/BAX
BCL2-Like_BAX,I000FH,BCL2/BAX
BCL2-Like_BAX,I000FK,MCL1/BAX
BCL2-Like_BAX,I000FK,BCL2/BAX
BCL2-Like_BAX,I000FK,BCL2/BAX
BCL2-Like_BAX,I000FK,MCL1/BAX
BCL2-Like_BAX,I000FL,
BCL2-Like_BAX,I000FW,
BCL2-Like_BAX,I000GL,B2CL1/BAX
BCL2-Like_BAX,I000GL,B2CL1/BAX
BCL2-Like_BAX,I000GU,BCL2/BAX
BCL2-Like_BAX,I000GU,BCL2/BAX
BCL2-Like_BAX,I000GZ,BCL2/BAX
BCL2-Like_BAX,I000GZ,BCL2/BAX
BCL2-Like_BAX,I000H1,B2CL1/BAX
BCL2-Like_BAX,I000H1,BCL2/BAX
BCL2-Like_BAX,I000H1,BCL2/BAX
BCL2-Like_BAX,I000H1,B2CL1/BAX
BCL2-Like_BAX,I000H2,
BCL2-Like_BAX,I000H5,MCL1/BAX
BCL2-Like_BAX,I000H5,BCL2/BAX
BCL2-Like_BAX,I000H5,BCL2/BAX
BCL2-Like_BAX,I000H5,MCL1/BAX
BCL2-Like_BAX,I000H6,
BCL2-Like_BAX,I000H8,BCL2/BAX
BCL2-Like_BAX,I000H8,BCL2/BAX
BCL2-Like_BAX,I000HE,
BCL2-Like_BAX,I000HF,B2CL1/BAX
BCL2-Like_BAX,I000HF,BCL2/BAX
BCL2-Like_BAX,I000HF,B2CL1/BAX
BCL2-Like_BAX,I000HF,BCL2/BAX
BCL2-Like_BAX,I000HJ,BCL2/BAX
BCL2-Like_BAX,I000HJ,BCL2/BAX
BCL2-Like_BAX,I000I9,BCL2/BAX
BCL2-Like_BAX,I000I9,BCL2/BAX
BCL2-Like_BAX,I000IB,B2CL1/BAX
BCL2-Like_BAX,I000IB,BCL2/BAX
BCL2-Like_BAX,I000IB,B2CL1/BAX
BCL2-Like_BAX,I000IB,BCL2/BAX
BCL2-Like_BAX,I000IC,
BCL2-Like_BAX,I000IG,B2CL2/BAX
BCL2-Like_BAX,I000IG,BCL2/BAX
BCL2-Like_BAX,I000IG,B2CL2/BAX
BCL2-Like_BAX,I000IG,BCL2/BAX
BCL2-Like_BAX,I000IH,
BCL2-Like_BAX,I000IJ,BCL2/BAX
BCL2-Like_BAX,I000IJ,BCL2/BAX
BCL2-Like_BAX,I000IP,BCL2/BAX
BCL2-Like_BAX,I000IP,B2CL1/BAX
BCL2-Like_BAX,I000IP,BCL2/BAX
BCL2-Like_BAX,I000IP,MCL1/BAX
BCL2-Like_BAX,I000IP,B2LA1/BAX
BCL2-Like_BAX,I000IP,B2CL1/BAX
BCL2-Like_BAX,I000IP,MCL1/BAX
BCL2-Like_BAX,I000IP,B2LA1/BAX
BCL2-Like_BAX,I000IQ,
BCL2-Like_BAX,I000IR,
BCL2-Like_BAX,I000IS,
BCL2-Like_BAX,I000IU,BCL2/BAX
BCL2-Like_BAX,I000IU,B2CL1/BAX
BCL2-Like_BAX,I000IU,BCL2/BAX
BCL2-Like_BAX,I000IU,B2CL1/BAX
BCL2-Like_BAX,I000IV,
BCL2-Like_BAX,I000IW,
BCL2-Like_BAX,I000IX,MCL1/BAX
BCL2-Like_BAX,I000IX,BCL2/BAX
BCL2-Like_BAX,I000IX,BCL2/BAX
BCL2-Like_BAX,I000IX,MCL1/BAX
BCL2-Like_BAX,I000J1,BCL2/BAX
BCL2-Like_BAX,I000J1,BCL2/BAX
BCL2-Like_BAX,I000J2,BCL2/BAX
BCL2-Like_BAX,I000J2,BCL2/BAX
BCL2-Like_BAX,I000J9,BCL2/BAX
BCL2-Like_BAX,I000J9,B2CL1/BAX
BCL2-Like_BAX,I000J9,BCL2/BAX
BCL2-Like_BAX,I000J9,B2CL1/BAX
BCL2-Like_BAX,I000JA,
BCL2-Like_BAX,I000JM,BCL2/BAX
BCL2-Like_BAX,I000JM,MCL1/BAX
BCL2-Like_BAX,I000JM,BCL2/BAX
BCL2-Like_BAX,I000JM,MCL1/BAX
BCL2-Like_BAX,I000JN,
BCL2-Like_BAX,I000JU,BCL2/BAX
BCL2-Like_BAX,I000JU,BCL2/BAX
BCL2-Like_BAX,I000JU,MCL1/BAX
BCL2-Like_BAX,I000JU,MCL1/BAX
BCL2-Like_BAX,I000JV,
BCL2-Like_BAX,I000JX,
BCL2-Like_BAX,I000JY,BCL2/BAX
BCL2-Like_BAX,I000JY,B2CL1/BAX
BCL2-Like_BAX,I000JY,B2CL1/BAX
BCL2-Like_BAX,I000JY,BCL2/BAX
BCL2-Like_BAX,I000K3,
BCL2-Like_BAX,I000K4,B2CL2/BAX
BCL2-Like_BAX,I000K4,B2CL1/BAX
BCL2-Like_BAX,I000K4,B2CL1/BAX
BCL2-Like_BAX,I000K4,B2CL2/BAX
BCL2-Like_BAX,I000LD,
BCL2-Like_BAX,I000KM,B2CL1/BAX
BCL2-Like_BAX,I000KM,B2CL1/BAX
BCL2-Like_BAX,I000LE,BCL2/BAX
BCL2-Like_BAX,I000LE,B2CL1/BAX
BCL2-Like_BAX,I000LE,BCL2/BAX
BCL2-Like_BAX,I000LE,B2CL1/BAX
BCL2-Like_BAX,I000L5,B2CL1/BAX
BCL2-Like_BAX,I000L5,B2CL1/BAX
BCL2-Like_BAX,I000LF,B2CL1/BAX
BCL2-Like_BAX,I000LF,BCL2/BAX
BCL2-Like_BAX,I000LF,B2CL1/BAX
BCL2-Like_BAX,I000LF,BCL2/BAX
BCL2-Like_BAX,I000LG,
BCL2-Like_BAX,I000LJ,
BCL2-Like_BAX,I000LK,BCL2/BAX
BCL2-Like_BAX,I000LK,B2CL1/BAX
BCL2-Like_BAX,I000LK,B2CL1/BAX
BCL2-Like_BAX,I000LK,BCL2/BAX
BCL2-Like_BAX,I000LT,
BCL2-Like_BAX,I000LL,BCL2/BAX
BCL2-Like_BAX,I000LL,BCL2/BAX
BCL2-Like_BAX,I000LO,
BCL2-Like_BAX,I000LP,MCL1/BAX
BCL2-Like_BAX,I000LP,BCL2/BAX
BCL2-Like_BAX,I000LP,MCL1/BAX
BCL2-Like_BAX,I000LP,BCL2/BAX
BCL2-Like_BAX,I000LU,B2CL1/BAX
BCL2-Like_BAX,I000LU,BCL2/BAX
BCL2-Like_BAX,I000LU,BCL2/BAX
BCL2-Like_BAX,I000LU,B2CL1/BAX
BCL2-Like_BAX,I000LX,BCL2/BAX
BCL2-Like_BAX,I000LX,BCL2/BAX
BCL2-Like_BAX,I000MB,BCL2/BAX
BCL2-Like_BAX,I000MB,BCL2/BAX
BCL2-Like_BAX,I000MH,BCL2/BAX
BCL2-Like_BAX,I000MH,B2CL1/BAX
BCL2-Like_BAX,I000MH,B2CL1/BAX
BCL2-Like_BAX,I000MH,BCL2/BAX
BCL2-Like_BAX,I000MI,
BCL2-Like_BAX,I000MR,B2CL2/BAX
BCL2-Like_BAX,I000MR,BCL2/BAX
BCL2-Like_BAX,I000MR,B2CL2/BAX
BCL2-Like_BAX,I000MR,BCL2/BAX
BCL2-Like_BAX,I000MS,
BCL2-Like_BAX,I000MT,
BCL2-Like_BAX,I000MU,B2CL1/BAX
BCL2-Like_BAX,I000MU,B2CL1/BAX
BCL2-Like_BAX,I000MU,BCL2/BAX
BCL2-Like_BAX,I000MU,BCL2/BAX
BCL2-Like_BAX,I000MV,BCL2/BAX
BCL2-Like_BAX,I000MV,BCL2/BAX
BCL2-Like_BAX,I000MY,
BCL2-Like_BAX,I000MZ,MCL1/BAX
BCL2-Like_BAX,I000MZ,MCL1/BAX
BCL2-Like_BAX,I000MZ,BCL2/BAX
BCL2-Like_BAX,I000MZ,BCL2/BAX
BCL2-Like_BAX,I000N9,
BCL2-Like_BAX,I000NA,MCL1/BAX
BCL2-Like_BAX,I000NA,MCL1/BAX
BCL2-Like_BAX,I000NA,BCL2/BAX
BCL2-Like_BAX,I000NA,BCL2/BAX
BCL2-Like_BAX,I000NC,B2CL2/BAX
BCL2-Like_BAX,I000NC,B2CL1/BAX
BCL2-Like_BAX,I000NC,B2CL1/BAX
BCL2-Like_BAX,I000NC,B2CL2/BAX
BCL2-Like_BAX,I000NC,BCL2/BAX
BCL2-Like_BAX,I000NC,BCL2/BAX
BCL2-Like_BAX,I000ND,
BCL2-Like_BAX,I000NE,
BCL2-Like_BAX,I000NF,MCL1/BAX
BCL2-Like_BAX,I000NF,BCL2/BAX
BCL2-Like_BAX,I000NF,MCL1/BAX
BCL2-Like_BAX,I000NF,BCL2/BAX
BCL2-Like_BAX,I000NG,
BCL2-Like_BAX,I000NJ,BCL2/BAX
BCL2-Like_BAX,I000NJ,BCL2/BAX
BCL2-Like_BAX,I000NK,
BCL2-Like_BAX,I000NL,BCL2/BAX
BCL2-Like_BAX,I000NL,BCL2/BAX
BCL2-Like_BAX,I000NL,B2CL1/BAX
BCL2-Like_BAX,I000NL,B2CL1/BAX
BCL2-Like_BAX,I000NQ,MCL1/BAX
BCL2-Like_BAX,I000NQ,MCL1/BAX
BCL2-Like_BAX,I000NQ,BCL2/BAX
BCL2-Like_BAX,I000NQ,BCL2/BAX
BCL2-Like_BAX,I000NR,
BCL2-Like_BAX,I000NY,BCL2/BAX
BCL2-Like_BAX,I000NY,BCL2/BAX
BCL2-Like_BAX,I000O8,BCL2/BAX
BCL2-Like_BAX,I000O8,BCL2/BAX
BCL2-Like_BAX,I000OH,BCL2/BAX
BCL2-Like_BAX,I000OH,BCL2/BAX
BCL2-Like_BAX,I000OO,B2CL2/BAX
BCL2-Like_BAX,I000OO,B2CL2/BAX
BCL2-Like_BAX,I000OP,BCL2/BAX
BCL2-Like_BAX,I000OP,BCL2/BAX
BCL2-Like_BAX,I000OQ,BCL2/BAX
BCL2-Like_BAX,I000OQ,BCL2/BAX
BCL2-Like_BAX,I000P5,
BCL2-Like_BAX,I000P6,BCL2/BAX
BCL2-Like_BAX,I000P6,B2CL2/BAX
BCL2-Like_BAX,I000P6,B2CL2/BAX
BCL2-Like_BAX,I000P6,BCL2/BAX
BCL2-Like_BAX,I000PQ,MCL1/BAX
BCL2-Like_BAX,I000PQ,MCL1/BAX
BCL2-Like_BAX,I000PQ,BCL2/BAX
BCL2-Like_BAX,I000PQ,BCL2/BAX
BCL2-Like_BAX,I000P7,B2CL1/BAX
BCL2-Like_BAX,I000P7,BCL2/BAX
BCL2-Like_BAX,I000P7,B2CL1/BAX
BCL2-Like_BAX,I000P7,BCL2/BAX
BCL2-Like_BAX,I000P8,
BCL2-Like_BAX,I000PE,BCL2/BAX
BCL2-Like_BAX,I000PE,BCL2/BAX
BCL2-Like_BAX,I000PE,MCL1/BAX
BCL2-Like_BAX,I000PE,MCL1/BAX
BCL2-Like_BAX,I000PF,
BCL2-Like_BAX,I000PJ,MCL1/BAX
BCL2-Like_BAX,I000PJ,BCL2/BAX
BCL2-Like_BAX,I000PJ,MCL1/BAX
BCL2-Like_BAX,I000PJ,BCL2/BAX
BCL2-Like_BAX,I000PK,
BCL2-Like_BAX,I000PR,
BCL2-Like_BAX,I000PU,BCL2/BAX
BCL2-Like_BAX,I000PU,BCL2/BAX
BCL2-Like_BAX,I000Q0,BCL2/BAX
BCL2-Like_BAX,I000Q0,B2CL1/BAX
BCL2-Like_BAX,I000Q0,BCL2/BAX
BCL2-Like_BAX,I000Q0,B2CL1/BAX
BCL2-Like_BAX,I000Q1,
BCL2-Like_BAX,I000Q8,BCL2/BAX
BCL2-Like_BAX,I000Q8,BCL2/BAX
BCL2-Like_BAX,I000QA,BCL2/BAX
BCL2-Like_BAX,I000QA,BCL2/BAX
BCL2-Like_BAX,I000QC,BCL2/BAX
BCL2-Like_BAX,I000QC,BCL2/BAX
BCL2-Like_BAX,I000QF,B2CL1/BAX
BCL2-Like_BAX,I000QF,B2CL1/BAX
BCL2-Like_BAX,I000QF,BCL2/BAX
BCL2-Like_BAX,I000QF,BCL2/BAX
BCL2-Like_BAX,I000QG,
BCL2-Like_BAX,I000QK,
BCL2-Like_BAX,I000QL,
BCL2-Like_BAX,I000QM,B2CL2/BAX
BCL2-Like_BAX,I000QM,BCL2/BAX
BCL2-Like_BAX,I000QM,B2CL1/BAX
BCL2-Like_BAX,I000QM,B2CL2/BAX
BCL2-Like_BAX,I000QM,BCL2/BAX
BCL2-Like_BAX,I000QM,B2CL1/BAX
BCL2-Like_BAX,I000QP,
BCL2-Like_BAX,I000QQ,B2CL2/BAX
BCL2-Like_BAX,I000QQ,BCL2/BAX
BCL2-Like_BAX,I000QQ,B2CL2/BAX
BCL2-Like_BAX,I000QQ,BCL2/BAX
BCL2-Like_BAX,I000QS,BCL2/BAX
BCL2-Like_BAX,I000QS,MCL1/BAX
BCL2-Like_BAX,I000QS,MCL1/BAX
BCL2-Like_BAX,I000QS,BCL2/BAX
BCL2-Like_BAX,I000QT,
BCL2-Like_BAX,I000R4,BCL2/BAX
BCL2-Like_BAX,I000R4,B2CL1/BAX
BCL2-Like_BAX,I000R4,BCL2/BAX
BCL2-Like_BAX,I000R4,B2CL1/BAX
BCL2-Like_BAX,I000R5,
BCL2-Like_BAX,I000R6,B2CL1/BAX
BCL2-Like_BAX,I000R6,B2CL1/BAX
BCL2-Like_BAX,I000RB,BCL2/BAX
BCL2-Like_BAX,I000RB,BCL2/BAX
BCL2-Like_BAX,I000RD,
BCL2-Like_BAX,I000RE,BCL2/BAX
BCL2-Like_BAX,I000RE,B2CL2/BAX
BCL2-Like_BAX,I000RE,B2CL2/BAX
BCL2-Like_BAX,I000RE,BCL2/BAX
BCL2-Like_BAX,I000RM,BCL2/BAX
BCL2-Like_BAX,I000RM,BCL2/BAX
BCL2-Like_BAX,I000RP,
BCL2-Like_BAX,I000RQ,MCL1/BAX
BCL2-Like_BAX,I000RQ,BCL2/BAX
BCL2-Like_BAX,I000RQ,MCL1/BAX
BCL2-Like_BAX,I000RQ,BCL2/BAX
BCL2-Like_BAX,I000S0,BCL2/BAX
BCL2-Like_BAX,I000S0,BCL2/BAX
BCL2-Like_BAX,I000S8,B2CL1/BAX
BCL2-Like_BAX,I000S8,B2CL1/BAX
BCL2-Like_BAX,I000S8,BCL2/BAX
BCL2-Like_BAX,I000S8,BCL2/BAX
BCL2-Like_BAX,I000S9,
BCL2-Like_BAX,I000SA,MCL1/BAX
BCL2-Like_BAX,I000SA,MCL1/BAX
BCL2-Like_BAX,I000SA,BCL2/BAX
BCL2-Like_BAX,I000SA,BCL2/BAX
BCL2-Like_BAX,I000SA,B2CL1/BAX
BCL2-Like_BAX,I000SA,B2CL1/BAX
BCL2-Like_BAX,I000SB,
BCL2-Like_BAX,I000SC,
BCL2-Like_BAX,I000SD,B2CL1/BAX
BCL2-Like_BAX,I000SD,BCL2/BAX
BCL2-Like_BAX,I000SD,B2CL1/BAX
BCL2-Like_BAX,I000SD,BCL2/BAX
BCL2-Like_BAX,I000SE,
BCL2-Like_BAX,I000SG,MCL1/BAX
BCL2-Like_BAX,I000SG,BCL2/BAX
BCL2-Like_BAX,I000SG,MCL1/BAX
BCL2-Like_BAX,I000SG,BCL2/BAX
BCL2-Like_BAX,I000SH,
BCL2-Like_BAX,I000SL,BCL2/BAX
BCL2-Like_BAX,I000SL,BCL2/BAX
BCL2-Like_BAX,I000SN,BCL2/BAX
BCL2-Like_BAX,I000SN,BCL2/BAX
BCL2-Like_BAX,I000SX,
BCL2-Like_BAX,I000SY,BCL2/BAX
BCL2-Like_BAX,I000SY,B2CL1/BAX
BCL2-Like_BAX,I000SY,B2CL1/BAX
BCL2-Like_BAX,I000SY,BCL2/BAX
BCL2-Like_BAX,I000TA,BCL2/BAX
BCL2-Like_BAX,I000TA,BCL2/BAX
BCL2-Like_BAX,I000TE,B2CL1/BAX
BCL2-Like_BAX,I000TE,BCL2/BAX
BCL2-Like_BAX,I000TE,B2CL1/BAX
BCL2-Like_BAX,I000TE,BCL2/BAX
BCL2-Like_BAX,I000TF,
BCL2-Like_BAX,I000TH,BCL2/BAX
BCL2-Like_BAX,I000TH,BCL2/BAX
BCL2-Like_BAX,I000TH,MCL1/BAX
BCL2-Like_BAX,I000TH,MCL1/BAX
BCL2-Like_BAX,I000TI,
BCL2-Like_BAX,I000TP,BCL2/BAX
BCL2-Like_BAX,I000TP,BCL2/BAX
BCL2-Like_BAX,I000TV,BCL2/BAX
BCL2-Like_BAX,I000TV,BCL2/BAX
BCL2-Like_BAX,I000U0,BCL2/BAX
BCL2-Like_BAX,I000U0,MCL1/BAX
BCL2-Like_BAX,I000U0,BCL2/BAX
BCL2-Like_BAX,I000U0,MCL1/BAX
BCL2-Like_BAX,I000U1,
BCL2-Like_BAX,I000U3,BCL2/BAX
BCL2-Like_BAX,I000U3,MCL1/BAX
BCL2-Like_BAX,I000U3,BCL2/BAX
BCL2-Like_BAX,I000U3,MCL1/BAX
BCL2-Like_BAX,I000U4,
BCL2-Like_BAX,I000U8,BCL2/BAX
BCL2-Like_BAX,I000U8,BCL2/BAX
BCL2-Like_BAX,I000U9,MCL1/BAX
BCL2-Like_BAX,I000U9,BCL2/BAX
BCL2-Like_BAX,I000U9,MCL1/BAX
BCL2-Like_BAX,I000U9,BCL2/BAX
BCL2-Like_BAX,I000UA,
BCL2-Like_BAX,I000UC,
BCL2-Like_BAX,I000UD,
BCL2-Like_BAX,I000UE,B2CL2/BAX
BCL2-Like_BAX,I000UE,BCL2/BAX
BCL2-Like_BAX,I000UE,B2CL1/BAX
BCL2-Like_BAX,I000UE,B2CL1/BAX
BCL2-Like_BAX,I000UE,B2CL2/BAX
BCL2-Like_BAX,I000UE,BCL2/BAX
BCL2-Like_BAX,I000UG,
BCL2-Like_BAX,I000UH,MCL1/BAX
BCL2-Like_BAX,I000UH,BCL2/BAX
BCL2-Like_BAX,I000UH,BCL2/BAX
BCL2-Like_BAX,I000UH,MCL1/BAX
BCL2-Like_BAX,I000UL,BCL2/BAX
BCL2-Like_BAX,I000UL,BCL2/BAX
BCL2-Like_BAX,I000UR,B2CL1/BAX
BCL2-Like_BAX,I000UR,MCL1/BAX
BCL2-Like_BAX,I000UR,BCL2/BAX
BCL2-Like_BAX,I000UR,MCL1/BAX
BCL2-Like_BAX,I000UR,BCL2/BAX
BCL2-Like_BAX,I000UR,B2CL1/BAX
BCL2-Like_BAX,I000US,
BCL2-Like_BAX,I000UT,
BCL2-Like_BAX,I000V7,BCL2/BAX
BCL2-Like_BAX,I000V7,BCL2/BAX
BCL2-Like_BAX,I000VM,
BCL2-Like_BAX,I000VN,BCL2/BAX
BCL2-Like_BAX,I000VN,B2CL1/BAX
BCL2-Like_BAX,I000VN,BCL2/BAX
BCL2-Like_BAX,I000VN,B2CL1/BAX
BCL2-Like_BAX,I000VZ,B2CL1/BAX
BCL2-Like_BAX,I000VZ,BCL2/BAX
BCL2-Like_BAX,I000VZ,B2LA1/BAX
BCL2-Like_BAX,I000VZ,B2CL1/BAX
BCL2-Like_BAX,I000VZ,MCL1/BAX
BCL2-Like_BAX,I000VZ,MCL1/BAX
BCL2-Like_BAX,I000VZ,B2LA1/BAX
BCL2-Like_BAX,I000VZ,BCL2/BAX
BCL2-Like_BAX,I000W0,
BCL2-Like_BAX,I000W1,
BCL2-Like_BAX,I000W2,
BCL2-Like_BAX,I000W5,MCL1/BAX
BCL2-Like_BAX,I000W5,BCL2/BAX
BCL2-Like_BAX,I000W5,BCL2/BAX
BCL2-Like_BAX,I000W5,MCL1/BAX
BCL2-Like_BAX,I000W6,
BCL2-Like_BAX,I000WF,BCL2/BAX
BCL2-Like_BAX,I000WF,BCL2/BAX
BCL2-Like_BAX,I000WG,
BCL2-Like_BAX,I000WH,BCL2/BAX
BCL2-Like_BAX,I000WH,B2CL1/BAX
BCL2-Like_BAX,I000WH,B2CL1/BAX
BCL2-Like_BAX,I000WH,BCL2/BAX
BCL2-Like_BAX,I000WQ,BCL2/BAX
BCL2-Like_BAX,I000WQ,BCL2/BAX
BCL2-Like_BAX,I000WT,
BCL2-Like_BAX,I000WU,MCL1/BAX
BCL2-Like_BAX,I000WU,BCL2/BAX
BCL2-Like_BAX,I000WU,MCL1/BAX
BCL2-Like_BAX,I000WU,B2CL1/BAX
BCL2-Like_BAX,I000WU,B2CL1/BAX
BCL2-Like_BAX,I000WU,BCL2/BAX
BCL2-Like_BAX,I000WV,
BCL2-Like_BAX,I000XD,BCL2/BAX
BCL2-Like_BAX,I000XD,B2CL1/BAX
BCL2-Like_BAX,I000XD,B2CL1/BAX
BCL2-Like_BAX,I000XD,BCL2/BAX
BCL2-Like_BAX,I000XE,
BCL2-Like_BAX,I000XF,BCL2/BAX
BCL2-Like_BAX,I000XF,BCL2/BAX
BCL2-Like_BAX,I000XT,BCL2/BAX
BCL2-Like_BAX,I000XT,BCL2/BAX
BCL2-Like_BAX,I000XV,MCL1/BAX
BCL2-Like_BAX,I000XV,BCL2/BAX
BCL2-Like_BAX,I000XV,MCL1/BAX
BCL2-Like_BAX,I000XV,B2CL1/BAX
BCL2-Like_BAX,I000XV,BCL2/BAX
BCL2-Like_BAX,I000XV,B2CL1/BAX
BCL2-Like_BAX,I000XW,
BCL2-Like_BAX,I000XX,
BCL2-Like_BAX,I000YF,MCL1/BAX
BCL2-Like_BAX,I000YF,BCL2/BAX
BCL2-Like_BAX,I000YF,MCL1/BAX
BCL2-Like_BAX,I000YF,BCL2/BAX
BCL2-Like_BAX,I000YG,
BCL2-Like_BAX,I000YH,BCL2/BAX
BCL2-Like_BAX,I000YH,BCL2/BAX
BCL2-Like_BAX,I000YH,MCL1/BAX
BCL2-Like_BAX,I000YH,MCL1/BAX
BCL2-Like_BAX,I000YI,
BCL2-Like_BAX,I000YL,BCL2/BAX
BCL2-Like_BAX,I000YL,BCL2/BAX
BCL2-Like_BAX,I000YR,BCL2/BAX
BCL2-Like_BAX,I000YR,BCL2/BAX
BCL2-Like_BAX,I000ZO,MCL1/BAX
BCL2-Like_BAX,I000ZO,MCL1/BAX
BCL2-Like_BAX,I000ZO,BCL2/BAX
BCL2-Like_BAX,I000ZO,BCL2/BAX
BCL2-Like_BAX,I000YV,BCL2/BAX
BCL2-Like_BAX,I000YV,BCL2/BAX
BCL2-Like_BAX,I000Z4,MCL1/BAX
BCL2-Like_BAX,I000Z4,MCL1/BAX
BCL2-Like_BAX,I000Z4,BCL2/BAX
BCL2-Like_BAX,I000Z4,BCL2/BAX
BCL2-Like_BAX,I000Z5,
BCL2-Like_BAX,I000ZE,BCL2/BAX
BCL2-Like_BAX,I000ZE,BCL2/BAX
BCL2-Like_BAX,I000ZM,BCL2/BAX
BCL2-Like_BAX,I000ZM,MCL1/BAX
BCL2-Like_BAX,I000ZM,MCL1/BAX
BCL2-Like_BAX,I000ZM,BCL2/BAX
BCL2-Like_BAX,I000ZG,BCL2/BAX
BCL2-Like_BAX,I000ZG,BCL2/BAX
BCL2-Like_BAX,I000ZK,BCL2/BAX
BCL2-Like_BAX,I000ZK,BCL2/BAX
BCL2-Like_BAX,I000ZL,
BCL2-Like_BAX,I000ZP,
BCL2-Like_BAX,I000ZT,BCL2/BAX
BCL2-Like_BAX,I000ZT,BCL2/BAX
BCL2-Like_BAX,I00102,
BCL2-Like_BAX,I00103,BCL2/BAX
BCL2-Like_BAX,I00103,BCL2/BAX
BCL2-Like_BAX,I00103,B2CL1/BAX
BCL2-Like_BAX,I00103,B2CL1/BAX
BCL2-Like_BAX,I0010B,BCL2/BAX
BCL2-Like_BAX,I0010B,BCL2/BAX
BCL2-Like_BAX,I0010B,MCL1/BAX
BCL2-Like_BAX,I0010B,MCL1/BAX
BCL2-Like_BAX,I0010C,
BCL2-Like_BAX,I0010R,MCL1/BAX
BCL2-Like_BAX,I0010R,B2LA1/BAX
BCL2-Like_BAX,I0010R,BCL2/BAX
BCL2-Like_BAX,I0010R,BCL2/BAX
BCL2-Like_BAX,I0010R,B2LA1/BAX
BCL2-Like_BAX,I0010R,B2CL1/BAX
BCL2-Like_BAX,I0010R,MCL1/BAX
BCL2-Like_BAX,I0010R,B2CL1/BAX
BCL2-Like_BAX,I0010S,
BCL2-Like_BAX,I0010T,
BCL2-Like_BAX,I0010U,
BCL2-Like_BAX,I0010V,
BCL2-Like_BAX,I0010W,B2CL1/BAX
BCL2-Like_BAX,I0010W,BCL2/BAX
BCL2-Like_BAX,I0010W,MCL1/BAX
BCL2-Like_BAX,I0010W,B2CL1/BAX
BCL2-Like_BAX,I0010W,BCL2/BAX
BCL2-Like_BAX,I0010W,MCL1/BAX
BCL2-Like_BAX,I0010X,
BCL2-Like_BAX,I0011H,MCL1/BAX
BCL2-Like_BAX,I0011H,B2LA1/BAX
BCL2-Like_BAX,I0011H,BCL2/BAX
BCL2-Like_BAX,I0011H,B2LA1/BAX
BCL2-Like_BAX,I0011H,MCL1/BAX
BCL2-Like_BAX,I0011H,BCL2/BAX
BCL2-Like_BAX,I0011X,BCL2/BAX
BCL2-Like_BAX,I0011X,BCL2/BAX
BCL2-Like_BAX,I00121,BCL2/BAX
BCL2-Like_BAX,I00121,BCL2/BAX
BCL2-Like_BAX,I00129,BCL2/BAX
BCL2-Like_BAX,I00129,B2CL1/BAX
BCL2-Like_BAX,I00129,BCL2/BAX
BCL2-Like_BAX,I00129,B2CL1/BAX
BCL2-Like_BAX,I0012A,
BCL2-Like_BAX,I0012B,BCL2/BAX
BCL2-Like_BAX,I0012B,B2CL2/BAX
BCL2-Like_BAX,I0012B,BCL2/BAX
BCL2-Like_BAX,I0012B,B2CL2/BAX
BCL2-Like_BAX,I0012C,
BCL2-Like_BAX,I0012J,B2CL1/BAX
BCL2-Like_BAX,I0012J,BCL2/BAX
BCL2-Like_BAX,I0012J,B2CL1/BAX
BCL2-Like_BAX,I0012J,BCL2/BAX
BCL2-Like_BAX,I0012K,
BCL2-Like_BAX,I0012Q,BCL2/BAX
BCL2-Like_BAX,I0012Q,BCL2/BAX
BCL2-Like_BAX,I0012Z,B2CL1/BAX
BCL2-Like_BAX,I0012Z,BCL2/BAX
BCL2-Like_BAX,I0012Z,B2CL1/BAX
BCL2-Like_BAX,I0012Z,BCL2/BAX
BCL2-Like_BAX,I00130,
BCL2-Like_BAX,I00134,BCL2/BAX
BCL2-Like_BAX,I00134,BCL2/BAX
BCL2-Like_BAX,I0013B,BCL2/BAX
BCL2-Like_BAX,I0013B,BCL2/BAX
BCL2-Like_BAX,I0013D,BCL2/BAX
BCL2-Like_BAX,I0013D,BCL2/BAX
BCL2-Like_BAX,I0013K,MCL1/BAX
BCL2-Like_BAX,I0013K,BCL2/BAX
BCL2-Like_BAX,I0013K,MCL1/BAX
BCL2-Like_BAX,I0013K,BCL2/BAX
BCL2-Like_BAX,I0013L,
BCL2-Like_BAX,I0013Y,BCL2/BAX
BCL2-Like_BAX,I0013Y,BCL2/BAX
BCL2-Like_BAX,I00144,BCL2/BAX
BCL2-Like_BAX,I00144,B2CL1/BAX
BCL2-Like_BAX,I00144,BCL2/BAX
BCL2-Like_BAX,I00144,B2CL1/BAX
BCL2-Like_BAX,I00145,
BCL2-Like_BAX,I00147,B2CL1/BAX
BCL2-Like_BAX,I00147,B2CL1/BAX
BCL2-Like_BAX,I00147,BCL2/BAX
BCL2-Like_BAX,I00147,BCL2/BAX
BCL2-Like_BAX,I00148,
BCL2-Like_BAX,I0014B,BCL2/BAX
BCL2-Like_BAX,I0014B,BCL2/BAX
BCL2-Like_BAX,I0014N,BCL2/BAX
BCL2-Like_BAX,I0014N,BCL2/BAX
BCL2-Like_BAX,I0014P,BCL2/BAX
BCL2-Like_BAX,I0014P,BCL2/BAX
BCL2-Like_BAX,I0014S,BCL2/BAX
BCL2-Like_BAX,I0014S,B2CL1/BAX
BCL2-Like_BAX,I0014S,B2CL1/BAX
BCL2-Like_BAX,I0014S,BCL2/BAX
BCL2-Like_BAX,I0014T,
BCL2-Like_BAX,I0014U,BCL2/BAX
BCL2-Like_BAX,I0014U,BCL2/BAX
BCL2-Like_BAX,I0014W,B2CL1/BAX
BCL2-Like_BAX,I0014W,BCL2/BAX
BCL2-Like_BAX,I0014W,BCL2/BAX
BCL2-Like_BAX,I0014W,B2CL1/BAX
BCL2-Like_BAX,I0014X,
BCL2-Like_BAX,I0014Y,
BCL2-Like_BAX,I0014Z,BCL2/BAX
BCL2-Like_BAX,I0014Z,B2CL1/BAX
BCL2-Like_BAX,I0014Z,B2CL1/BAX
BCL2-Like_BAX,I0014Z,BCL2/BAX
BCL2-Like_BAX,I00150,BCL2/BAX
BCL2-Like_BAX,I00150,BCL2/BAX
BCL2-Like_BAX,I00154,BCL2/BAX
BCL2-Like_BAX,I00154,BCL2/BAX
BCL2-Like_BAX,I0015C,BCL2/BAX
BCL2-Like_BAX,I0015C,BCL2/BAX
BCL2-Like_BAX,I0015D,B2CL1/BAX
BCL2-Like_BAX,I0015D,B2CL1/BAX
BCL2-Like_BAX,I0015I,BCL2/BAX
BCL2-Like_BAX,I0015I,BCL2/BAX
BCL2-Like_BAX,I0015K,BCL2/BAX
BCL2-Like_BAX,I0015K,B2CL1/BAX
BCL2-Like_BAX,I0015K,B2CL1/BAX
BCL2-Like_BAX,I0015K,BCL2/BAX
BCL2-Like_BAX,I0015L,
BCL2-Like_BAX,I0015P,BCL2/BAX
BCL2-Like_BAX,I0015P,BCL2/BAX
BCL2-Like_BAX,I0015Q,BCL2/BAX
BCL2-Like_BAX,I0015Q,BCL2/BAX
BCL2-Like_BAX,I0015R,BCL2/BAX
BCL2-Like_BAX,I0015R,BCL2/BAX
BCL2-Like_BAX,I00164,BCL2/BAX
BCL2-Like_BAX,I00164,BCL2/BAX
BCL2-Like_BAX,I0015X,BCL2/BAX
BCL2-Like_BAX,I0015X,BCL2/BAX
BCL2-Like_BAX,I00169,BCL2/BAX
BCL2-Like_BAX,I00169,BCL2/BAX
BCL2-Like_BAX,I0016M,BCL2/BAX
BCL2-Like_BAX,I0016M,B2CL1/BAX
BCL2-Like_BAX,I0016M,BCL2/BAX
BCL2-Like_BAX,I0016M,B2CL1/BAX
BCL2-Like_BAX,I0016N,
BCL2-Like_BAX,I0016Q,BCL2/BAX
BCL2-Like_BAX,I0016Q,BCL2/BAX
BCL2-Like_BAX,I0016X,BCL2/BAX
BCL2-Like_BAX,I0016X,BCL2/BAX
BCL2-Like_BAX,I00170,
BCL2-Like_BAX,I00171,MCL1/BAX
BCL2-Like_BAX,I00171,BCL2/BAX
BCL2-Like_BAX,I00171,MCL1/BAX
BCL2-Like_BAX,I00171,BCL2/BAX
BCL2-Like_BAX,I0017A,BCL2/BAX
BCL2-Like_BAX,I0017A,B2CL1/BAX
BCL2-Like_BAX,I0017A,B2CL1/BAX
BCL2-Like_BAX,I0017A,BCL2/BAX
BCL2-Like_BAX,I0017B,
BCL2-Like_BAX,I0017C,
BCL2-Like_BAX,I0017D,BCL2/BAX
BCL2-Like_BAX,I0017D,MCL1/BAX
BCL2-Like_BAX,I0017D,BCL2/BAX
BCL2-Like_BAX,I0017D,MCL1/BAX
BCL2-Like_BAX,I0017I,BCL2/BAX
BCL2-Like_BAX,I0017I,BCL2/BAX
BCL2-Like_BAX,I0017K,BCL2/BAX
BCL2-Like_BAX,I0017K,BCL2/BAX
BCL2-Like_BAX,I0017N,BCL2/BAX
BCL2-Like_BAX,I0017N,BCL2/BAX
BCL2-Like_BAX,I0017O,MCL1/BAX
BCL2-Like_BAX,I0017O,BCL2/BAX
BCL2-Like_BAX,I0017O,MCL1/BAX
BCL2-Like_BAX,I0017O,BCL2/BAX
BCL2-Like_BAX,I0017P,
BCL2-Like_BAX,I0017R,BCL2/BAX
BCL2-Like_BAX,I0017R,BCL2/BAX
BCL2-Like_BAX,I0017S,
BCL2-Like_BAX,I0017T,BCL2/BAX
BCL2-Like_BAX,I0017T,MCL1/BAX
BCL2-Like_BAX,I0017T,MCL1/BAX
BCL2-Like_BAX,I0017T,BCL2/BAX
BCL2-Like_BAX,I00182,BCL2/BAX
BCL2-Like_BAX,I00182,BCL2/BAX
BCL2-Like_BAX,I00185,BCL2/BAX
BCL2-Like_BAX,I00185,BCL2/BAX
BCL2-Like_BAX,I00186,BCL2/BAX
BCL2-Like_BAX,I00186,BCL2/BAX
BCL2-Like_BAX,I00188,B2CL1/BAX
BCL2-Like_BAX,I00188,BCL2/BAX
BCL2-Like_BAX,I00188,B2LA1/BAX
BCL2-Like_BAX,I00188,BCL2/BAX
BCL2-Like_BAX,I00188,B2CL1/BAX
BCL2-Like_BAX,I00188,MCL1/BAX
BCL2-Like_BAX,I00188,B2LA1/BAX
BCL2-Like_BAX,I00188,MCL1/BAX
BCL2-Like_BAX,I00189,
BCL2-Like_BAX,I0018A,
BCL2-Like_BAX,I0018B,
BCL2-Like_BAX,I0018Z,
BCL2-Like_BAX,I00190,
BCL2-Like_BAX,I00191,BCL2/BAX
BCL2-Like_BAX,I00191,BCL2/BAX
BCL2-Like_BAX,I00191,B2CL2/BAX
BCL2-Like_BAX,I00191,B2CL1/BAX
BCL2-Like_BAX,I00191,B2CL1/BAX
BCL2-Like_BAX,I00191,B2CL2/BAX
BCL2-Like_BAX,I00195,BCL2/BAX
BCL2-Like_BAX,I00195,BCL2/BAX
BCL2-Like_BAX,I0019F,B2CL2/BAX
BCL2-Like_BAX,I0019F,BCL2/BAX
BCL2-Like_BAX,I0019F,B2CL1/BAX
BCL2-Like_BAX,I0019F,BCL2/BAX
BCL2-Like_BAX,I0019F,B2CL1/BAX
BCL2-Like_BAX,I0019F,B2CL2/BAX
BCL2-Like_BAX,I0019G,
BCL2-Like_BAX,I0019H,
BCL2-Like_BAX,I0019I,
BCL2-Like_BAX,I001A3,BCL2/BAX
BCL2-Like_BAX,I001A3,BCL2/BAX
BCL2-Like_BAX,I001A6,BCL2/BAX
BCL2-Like_BAX,I001A6,BCL2/BAX
BCL2-Like_BAX,I001A8,
BCL2-Like_BAX,I001A9,BCL2/BAX
BCL2-Like_BAX,I001A9,B2CL1/BAX
BCL2-Like_BAX,I001A9,BCL2/BAX
BCL2-Like_BAX,I001A9,B2CL1/BAX
BCL2-Like_BAX,I001AC,BCL2/BAX
BCL2-Like_BAX,I001AC,BCL2/BAX
BCL2-Like_BAX,I001AO,BCL2/BAX
BCL2-Like_BAX,I001AO,BCL2/BAX
BCL2-Like_BAX,I001AP,
BCL2-Like_BAX,I001AQ,B2CL1/BAX
BCL2-Like_BAX,I001AQ,BCL2/BAX
BCL2-Like_BAX,I001AQ,B2CL1/BAX
BCL2-Like_BAX,I001AQ,BCL2/BAX
BCL2-Like_BAX,I001AZ,BCL2/BAX
BCL2-Like_BAX,I001AZ,BCL2/BAX
BCL2-Like_BAX,I001BE,BCL2/BAX
BCL2-Like_BAX,I001BE,BCL2/BAX
BCL2-Like_BAX,I001BE,B2CL1/BAX
BCL2-Like_BAX,I001BE,B2CL1/BAX
BCL2-Like_BAX,I001BF,
BCL2-Like_BAX,I001BN,B2CL1/BAX
BCL2-Like_BAX,I001BN,BCL2/BAX
BCL2-Like_BAX,I001BN,BCL2/BAX
BCL2-Like_BAX,I001BN,B2CL1/BAX
BCL2-Like_BAX,I001BO,
BCL2-Like_BAX,I001BT,BCL2/BAX
BCL2-Like_BAX,I001BT,BCL2/BAX
BCL2-Like_BAX,I001CD,BCL2/BAX
BCL2-Like_BAX,I001CD,B2CL1/BAX
BCL2-Like_BAX,I001CD,BCL2/BAX
BCL2-Like_BAX,I001CD,B2CL1/BAX
BCL2-Like_BAX,I001CE,
BCL2-Like_BAX,I001CI,B2CL1/BAX
BCL2-Like_BAX,I001CI,BCL2/BAX
BCL2-Like_BAX,I001CI,BCL2/BAX
BCL2-Like_BAX,I001CI,B2CL1/BAX
BCL2-Like_BAX,I001CJ,
BCL2-Like_BAX,I001CQ,BCL2/BAX
BCL2-Like_BAX,I001CQ,B2CL2/BAX
BCL2-Like_BAX,I001CQ,BCL2/BAX
BCL2-Like_BAX,I001CQ,B2CL2/BAX
BCL2-Like_BAX,I001CR,
BCL2-Like_BAX,I001CS,MCL1/BAX
BCL2-Like_BAX,I001CS,BCL2/BAX
BCL2-Like_BAX,I001CS,MCL1/BAX
BCL2-Like_BAX,I001CS,BCL2/BAX
BCL2-Like_BAX,I001CT,
BCL2-Like_BAX,I001CX,B2CL1/BAX
BCL2-Like_BAX,I001CX,BCL2/BAX
BCL2-Like_BAX,I001CX,BCL2/BAX
BCL2-Like_BAX,I001CX,B2CL1/BAX
BCL2-Like_BAX,I001CX,MCL1/BAX
BCL2-Like_BAX,I001CX,MCL1/BAX
BCL2-Like_BAX,I001CY,
BCL2-Like_BAX,I001CZ,
BCL2-Like_BAX,I001D1,BCL2/BAX
BCL2-Like_BAX,I001D1,BCL2/BAX
BCL2-Like_BAX,I001D7,MCL1/BAX
BCL2-Like_BAX,I001D7,BCL2/BAX
BCL2-Like_BAX,I001D7,MCL1/BAX
BCL2-Like_BAX,I001D7,BCL2/BAX
BCL2-Like_BAX,I001D8,
BCL2-Like_BAX,I001D9,BCL2/BAX
BCL2-Like_BAX,I001D9,BCL2/BAX
BCL2-Like_BAX,I001D9,MCL1/BAX
BCL2-Like_BAX,I001D9,MCL1/BAX
BCL2-Like_BAX,I001DA,
BCL2-Like_BAX,I001DI,BCL2/BAX
BCL2-Like_BAX,I001DI,BCL2/BAX
BCL2-Like_BAX,I001DL,B2CL1/BAX
BCL2-Like_BAX,I001DL,BCL2/BAX
BCL2-Like_BAX,I001DL,BCL2/BAX
BCL2-Like_BAX,I001DL,B2CL1/BAX
BCL2-Like_BAX,I001DM,
BCL2-Like_BAX,I001DQ,BCL2/BAX
BCL2-Like_BAX,I001DQ,B2CL1/BAX
BCL2-Like_BAX,I001DQ,BCL2/BAX
BCL2-Like_BAX,I001DQ,B2CL1/BAX
BCL2-Like_BAX,I001DR,
BCL2-Like_BAX,I001DZ,BCL2/BAX
BCL2-Like_BAX,I001DZ,BCL2/BAX
BCL2-Like_BAX,I001DZ,B2CL1/BAX
BCL2-Like_BAX,I001DZ,B2CL1/BAX
BCL2-Like_BAX,I001E0,
BCL2-Like_BAX,I001EI,BCL2/BAX
BCL2-Like_BAX,I001EI,BCL2/BAX
BCL2-Like_BAX,I001EP,BCL2/BAX
BCL2-Like_BAX,I001EP,BCL2/BAX
BCL2-Like_BAX,I001F1,BCL2/BAX
BCL2-Like_BAX,I001F1,BCL2/BAX
BCL2-Like_BAX,I001F8,BCL2/BAX
BCL2-Like_BAX,I001F8,BCL2/BAX
BCL2-Like_BAX,I001FB,BCL2/BAX
BCL2-Like_BAX,I001FB,BCL2/BAX
BCL2-Like_BAX,I001FI,BCL2/BAX
BCL2-Like_BAX,I001FI,MCL1/BAX
BCL2-Like_BAX,I001FI,BCL2/BAX
BCL2-Like_BAX,I001FI,MCL1/BAX
BCL2-Like_BAX,I001FJ,
BCL2-Like_BAX,I001FS,B2CL1/BAX
BCL2-Like_BAX,I001FS,BCL2/BAX
BCL2-Like_BAX,I001FS,BCL2/BAX
BCL2-Like_BAX,I001FS,B2CL1/BAX
BCL2-Like_BAX,I001FT,
BCL2-Like_BAX,I001FU,BCL2/BAX
BCL2-Like_BAX,I001FU,BCL2/BAX
BCL2-Like_BAX,I001FY,B2CL1/BAX
BCL2-Like_BAX,I001FY,MCL1/BAX
BCL2-Like_BAX,I001FY,MCL1/BAX
BCL2-Like_BAX,I001FY,B2CL1/BAX
BCL2-Like_BAX,I001FY,BCL2/BAX
BCL2-Like_BAX,I001FY,BCL2/BAX
BCL2-Like_BAX,I001FZ,
BCL2-Like_BAX,I001G0,
BCL2-Like_BAX,I001G4,
BCL2-Like_BAX,I001G5,BCL2/BAX
BCL2-Like_BAX,I001G5,B2CL1/BAX
BCL2-Like_BAX,I001G5,B2CL1/BAX
BCL2-Like_BAX,I001G5,BCL2/BAX
BCL2-Like_BAX,I001GC,BCL2/BAX
BCL2-Like_BAX,I001GC,BCL2/BAX
BCL2-Like_BAX,I001GC,MCL1/BAX
BCL2-Like_BAX,I001GC,MCL1/BAX
BCL2-Like_BAX,I001GD,
BCL2-Like_BAX,I001GX,BCL2/BAX
BCL2-Like_BAX,I001GX,BCL2/BAX
BCL2-Like_BAX,I001GZ,BCL2/BAX
BCL2-Like_BAX,I001GZ,BCL2/BAX
BCL2-Like_BAX,I001H0,B2CL1/BAX
BCL2-Like_BAX,I001H0,B2CL1/BAX
BCL2-Like_BAX,I001H0,BCL2/BAX
BCL2-Like_BAX,I001H0,BCL2/BAX
BCL2-Like_BAX,I001H1,
BCL2-Like_BAX,I001H4,B2CL1/BAX
BCL2-Like_BAX,I001H4,B2CL1/BAX
BCL2-Like_BAX,I001H4,BCL2/BAX
BCL2-Like_BAX,I001H4,BCL2/BAX
BCL2-Like_BAX,I001H5,
BCL2-Like_BAX,I001HF,MCL1/BAX
BCL2-Like_BAX,I001HF,BCL2/BAX
BCL2-Like_BAX,I001HF,MCL1/BAX
BCL2-Like_BAX,I001HF,B2LA1/BAX
BCL2-Like_BAX,I001HF,BCL2/BAX
BCL2-Like_BAX,I001HF,B2CL1/BAX
BCL2-Like_BAX,I001HF,B2LA1/BAX
BCL2-Like_BAX,I001HF,B2CL1/BAX
BCL2-Like_BAX,I001HG,
BCL2-Like_BAX,I001HH,
BCL2-Like_BAX,I001HI,
BCL2-Like_BAX,I001HK,BCL2/BAX
BCL2-Like_BAX,I001HK,BCL2/BAX
BCL2-Like_BAX,I001HS,BCL2/BAX
BCL2-Like_BAX,I001HS,B2CL2/BAX
BCL2-Like_BAX,I001HS,BCL2/BAX
BCL2-Like_BAX,I001HS,B2CL2/BAX
BCL2-Like_BAX,I001HT,
BCL2-Like_BAX,I001HV,BCL2/BAX
BCL2-Like_BAX,I001HV,B2CL1/BAX
BCL2-Like_BAX,I001HV,B2CL1/BAX
BCL2-Like_BAX,I001HV,BCL2/BAX
BCL2-Like_BAX,I001HW,
BCL2-Like_BAX,I001HZ,BCL2/BAX
BCL2-Like_BAX,I001HZ,MCL1/BAX
BCL2-Like_BAX,I001HZ,MCL1/BAX
BCL2-Like_BAX,I001HZ,BCL2/BAX
BCL2-Like_BAX,I001I0,
BCL2-Like_BAX,I001I3,BCL2/BAX
BCL2-Like_BAX,I001I3,BCL2/BAX
BCL2-Like_BAX,I001I6,BCL2/BAX
BCL2-Like_BAX,I001I6,BCL2/BAX
BCL2-Like_BAX,I001IF,BCL2/BAX
BCL2-Like_BAX,I001IF,BCL2/BAX
BCL2-Like_BAX,I001IF,B2CL2/BAX
BCL2-Like_BAX,I001IF,B2CL2/BAX
BCL2-Like_BAX,I001IG,
BCL2-Like_BAX,I001IJ,MCL1/BAX
BCL2-Like_BAX,I001IJ,BCL2/BAX
BCL2-Like_BAX,I001IJ,MCL1/BAX
BCL2-Like_BAX,I001IJ,BCL2/BAX
BCL2-Like_BAX,I001IK,
BCL2-Like_BAX,I001IM,BCL2/BAX
BCL2-Like_BAX,I001IM,BCL2/BAX
BCL2-Like_BAX,I001IN,BCL2/BAX
BCL2-Like_BAX,I001IN,BCL2/BAX
BCL2-Like_BAX,I001IU,BCL2/BAX
BCL2-Like_BAX,I001IU,BCL2/BAX
BCL2-Like_BAX,I001IU,MCL1/BAX
BCL2-Like_BAX,I001IU,MCL1/BAX
BCL2-Like_BAX,I001IV,
BCL2-Like_BAX,I001J9,BCL2/BAX
BCL2-Like_BAX,I001J9,BCL2/BAX
BCL2-Like_BAX,I001JL,BCL2/BAX
BCL2-Like_BAX,I001JL,BCL2/BAX
BCL2-Like_BAX,I001JQ,BCL2/BAX
BCL2-Like_BAX,I001JQ,B2CL1/BAX
BCL2-Like_BAX,I001JQ,BCL2/BAX
BCL2-Like_BAX,I001JQ,B2CL1/BAX
BCL2-Like_BAX,I001JR,
BCL2-Like_BAX,I001JS,BCL2/BAX
BCL2-Like_BAX,I001JS,BCL2/BAX
BCL2-Like_BAX,I000AA,B2CL1/BAX
BCL2-Like_BAX,I000AA,B2CL1/BAX
BCL2-Like_BAX,I000AA,BCL2/BAX
BCL2-Like_BAX,I000AA,BCL2/BAX
BCL2-Like_BAX,I000AB,
BCL2-Like_BAX,I0019J,MCL1/BAX
BCL2-Like_BAX,I0019J,MCL1/BAX
BCL2-Like_BAX,I0019J,BCL2/BAX
BCL2-Like_BAX,I0019J,BCL2/BAX
