SMILES,PredictedUniProtPartner
OC(=O)[C@H](Cc1ccc(NC(=O)c2c(Cl)cccc2Cl)cc1)NC(=O)C3(CCOCC3)S(=O)(=O)c4ccccc4,P05556
CC1CCC(C[C@H](NC(=O)[C@@H]2CCC(=O)N2Cc3ccccc3)C(=O)O)CC1,P05556
CC(C)CCNC(=O)[C@@H]1OCO[C@H]1C(=O)N[C@@H](Cc2ccc(OCc3c(Cl)cccc3Cl)cc2)C(=O)O,P05556
OC(=O)CN(CC(=O)N[C@@H](Cc1ccc(OCc2c(Cl)cccc2Cl)cc1)C(=O)O)S(=O)(=O)c3ccc(F)cc3,P05556
CCC\N=C/1\C(\C(=C1O)O)=N\[C@@H](Cc2ccc(OCc3c(Cl)cccc3Cl)cc2)C(=O)O,P05556
N[C@@H](Cc1ccc(O)cc1)C(=O)N[C@H]2CSSC[C@H](NC(=O)c3cccc(CNC2=O)c3)C(=O)O,P05556
COc1cccc(OC)c1c2ccc(C[C@H](NC(=O)[C@]3(CCCO3)c4ncc(C)s4)C(=O)O)cc2,P26010
COc1cc(CC(=O)N2C[C@@H](F)C[C@H]2COc3ccc(cc3)C(=O)O)ccc1NC(=O)Nc4ccccc4C,P05556
OC(=O)[C@H](Cc1ccc(NC(=O)c2c(Cl)cncc2Cl)cc1)\N=C\3/C(=O)C(=C3N4CCOCC4)O,P05556
Cc1ccccc1NC(=O)Nc2ccc(CC(=O)N3CC=CC3C(=O)NCCCCC(=O)O)cc2,P05556
CC1(CC1(Cl)Cl)C(=O)N[C@@H](Cc2ccc(cc2)C#CCCCC(=O)O)C(=O)O,P05556
Cc1cccc(F)c1C(=O)N[C@@H](Cc2ccc(NC(=O)c3c(Cl)cccc3Cl)cc2)C(=O)O,P05556
CCCCCOc1ccc(C[C@H](NC(=O)[C@@H]2CSCN2C(=O)C)C(=O)O)cc1,P05556
CS(=O)(=O)CCCCC1(CCCC1)C(=O)N[C@@H](Cc2ccc(NC(=O)c3c(Cl)cccc3Cl)cc2)C(=O)O,P05556
CCCC(C)\N=C/1\C(\C(=C1O)O)=N\[C@@H](Cc2ccc(NC(=O)c3c(Cl)cncc3Cl)cc2)C(=O)O,P05556
COC1=C(C(=O)N(C)N=C1)c2ccc(C[C@H](NC(=O)N(C)CC(C)C)C(=O)O)cc2,P26010
N[C@@H](Cc1ccc(O)cc1)C(=O)N[C@H]2CSSC[C@H](NC(=O)c3ccc(NC2=O)cc3)C(=O)O,P05556
COCCCCN(CC(=O)N[C@@H](CC(=O)O)c1ccc(OC)c(OC)c1)C(=O)Cc2ccc(NC(=O)Nc3ccccc3C)cc2,P05556
OC(=O)[C@H](Cc1ccc(cc1)N2CCN(CC2)c3ccccc3)NC(=O)[C@@H]4CCCN4S(=O)(=O)c5ccccc5,P05556
N[C@H](Cc1ccc(O)cc1)C(=O)N[C@H]2CSSC[C@H](NC(=O)[C@@H]3CCCN3C(=O)[C@H](CO)NC2=O)C(=O)O,P05556
COc1ccccc1c2ccc(C[C@H](NC(=O)[C@H]3CSCN3S(=O)(=O)c4cc(Cl)cc(Cl)c4)C(=O)O)cc2,P05556
COC1=C(C(=O)N(C)N=C1)c2ccc(C[C@H](NC(=O)c3c(Cl)cccc3Cl)C(=O)O)cc2,P26010
COc1ccccc1c2ccc(C[C@H](NC(=O)[C@@H]3CSCN3S(=O)(=O)c4cc(Cl)cc(Cl)c4)C(=O)O)cc2,P05556
COc1ccccc1c2ccc(C[C@H](NC(=O)[C@@H]3CCCN3S(=O)(=O)c4cc(Cl)cc(Cl)c4)C(=O)O)cc2,P05556
COc1ccccc1c2ccc(C[C@H](NC(=O)[C@@]3(C)CCCO3)C(=O)O)cc2,P26010
OC(=O)[C@H](Cc1ccc(cc1)c2ccccc2)NC(=O)C3(CC=CC3)S(=O)(=O)c4ccccc4,P26010
CCCC[C@H](NC(=O)[C@@H]1Cc2ccccc2CN1S(=O)(=O)c3ccc(OC)c(OC)c3)C(=O)O,P05556
COc1ccccc1c2ccc(C[C@H](NC(=O)[C@H]3CSCN3C(=O)C)C(=O)O)cc2,P05556
COc1cccc(OC)c1c2ccc(C[C@H](NC[C@@H]3CCCN3S(=O)(=O)c4cc(Cl)cc(Cl)c4)C(=O)O)cc2,P26010
COc1ccccc1c2ccc(C[C@H](NC(=O)[C@@H]3CSCN3)C(=O)O)cc2,P26010
OC(=O)[C@H](Cc1ccc(NC(=O)c2c(Cl)cccc2Cl)cc1)NC(=O)[C@@H]3CCC(=O)N3Cc4ccccc4,P05556
C[n+]1cc(Cl)c(C(=O)Nc2ccc(C[C@H](NC(=O)[C@]3(C)CCCN3S(=O)(=O)c4cc(Cl)cc(Cl)c4)C(=O)O)cc2)c(Cl)c1,P05556
CC(=O)N1CSC[C@@H]1C(=O)N[C@@H](Cc2ccc(NC(=O)c3c(Cl)cncc3Cl)cc2)C(=O)O,P05556
COc1cccc(OC)c1c2ccc(C[C@H](NC(=O)C)C(=O)O)cc2,P05556
COc1ccccc1c2ccc(C[C@H](NC(=O)[C@H]3CSCN3S(=O)(=O)C)C(=O)O)cc2,P26010
COc1ccccc1c2ccc(C[C@H](NC(=O)[C@]3(CCCO3)c4ccc(Cl)cc4)C(=O)O)cc2,P26010
CCCCCOc1ccc(C[C@H](NC(=O)C2CC(=O)N(C)C2c3cccnc3)C(=O)O)cc1,P05556
OC(=O)[C@H](Cc1ccc(cc1)c2ccccc2C#N)NC(=O)[C@@H]3CCCN3S(=O)(=O)c4cc(Cl)cc(Cl)c4,P05556
COc1cccc(OC)c1c2ccc(C[C@H](NC(=O)[C@@]3(CCCCN(C)C)CCCO3)C(=O)O)cc2,P26010
OC(=O)[C@H](Cc1ccc(NC(=O)c2c(Cl)cncc2Cl)cc1)\N=C/3\C(\C(=C3O)O)=N\CC=C,P05556
COc1ccc(CC2(CCCCC2)C(=O)N[C@@H](Cc3ccc(NC(=O)c4c(Cl)cccc4Cl)cc3)C(=O)O)cc1,P05556
CN(C)C(=O)c1ccccc1c2ccc(C[C@H](NC(=O)[C@]3(C)CCCN3S(=O)(=O)c4cc(Cl)cc(Cl)c4)C(=O)O)cc2,P05556
OC(=O)[C@H](Cc1ccc(NC(=O)c2cc(F)c(F)cc2F)cc1)NC(=O)C3CCC(=O)N3Cc4ccccc4,P05556
COc1ccccc1c2ccc(C[C@H](NC(=O)[C@@H]3[C@@H](O)CCN3S(=O)(=O)c4cc(Cl)cc(Cl)c4)C(=O)O)cc2,P05556
COCC\N=C/1\C(\C(=C1O)O)=N\[C@@H](Cc2ccc(NC(=O)c3c(Cl)cncc3Cl)cc2)C(=O)O,P05556
OC(=O)c1ccc(OC[C@@H]2C[C@H](F)CN2C(=O)Cc3cc(Cl)c(NC(=O)Nc4ccccc4Br)cc3Cl)cc1,P05556
O[C@H]1CCN([C@@H]1C(=O)N[C@@H](Cc2ccc(cc2)c3ccccc3C#N)C(=O)O)S(=O)(=O)c4cc(Cl)cc(Cl)c4,P05556
Cc1ccccc1NC(=O)Nc2ccc(CC(=O)N3CCCC3C(=O)NCCCCCC(=O)O)cc2,P05556
CN(C)C(=O)Oc1ccc(C[C@H](Nc2nc(ncc2c3ccccc3C)N4CCCCC4)C(=O)O)cc1,P05556
OC(=O)[C@H](Cc1ccc(cc1)N2C(=O)c3ccccc3C2=O)NC(=O)[C@@H]4CCC(=O)N4Cc5ccccc5,P05556
COc1cccc(OC)c1c2ccc(CC(Nc3ccccn3)C(=O)O)cc2,P05556
COc1ccccc1c2ccc(C[C@H](NC(=O)[C@@H]3CSCN3C(=O)C)C(=O)O)cc2,P05556
COc1ccc(C[C@H](NC(=O)[C@@H]2CCC(=O)N2Cc3ccccc3)C(=O)O)cc1,P05556
COc1ccccc1c2ccc(C[C@H](NC(=O)[C@@H]3CSCN3S(=O)(=O)C)C(=O)O)cc2,P26010
COc1ccc(C(=O)Nc2ccc(C[C@H](NC(=O)C3CCC(=O)N3Cc4ccccc4)C(=O)O)cc2)c(OC)n1,P05556
OC(=O)[C@H](Cc1ccc(cc1)c2ccccc2)NC(=O)C3(CCCCC3)S(=O)(=O)C4CCCCC4,P05556
COc1cccc(CC2(CCCC2)C(=O)N[C@@H](Cc3ccc(NC(=O)c4c(Cl)cccc4Cl)cc3)C(=O)O)c1,P05556
COc1cccc(OC)c1c2ccc(C[C@H](NC(=O)[C@@]3(CC(C)C)CCCO3)C(=O)O)cc2,P26010
OC(=O)[C@H](Cc1ccc(NC(=O)c2c(Cl)cncc2Cl)cc1)NC(=O)[C@@H]3C[C@H](CN3S(=O)(=O)c4cccc(c4)C#N)n5cnc6ccccc56,P05556
OC(=O)[C@H](Cc1ccc(NC(=O)c2c(Cl)cncc2Cl)cc1)NC(=O)[C@@H]3C[C@H](CN3S(=O)(=O)c4cccc(c4)C#N)n5ccnc5,P05556
OC[C@@H]1NC(=O)[C@H](CSSC[C@H](NC(=O)[C@@H]2CCCN2C1=O)C(=O)O)NC(=O)c3ccc4ccccc4c3,P05556
COc1ccccc1c2ccc(C[C@H](NC(=O)[C@]3(CCCO3)c4ccc(cc4)C(F)(F)F)C(=O)O)cc2,P26010
CC(C)C[C@H](NC(=O)Cc1ccc(NC(=O)OCc2ccccc2)cc1)C(=O)N[C@@H](CC(=O)O)C(=O)N[C@@H](C(C)C)C(=O)O,P05556
OC(=O)[C@H](Cc1ccc(NC(=O)c2c(Cl)cncc2Cl)cc1)NC(=O)[C@@H]3C[C@H](CN3S(=O)(=O)c4cccc(c4)C#N)n5ncc6CCCCc56,P05556
CC(=O)N1CSC[C@@H]1C(=O)N\C(=C/c2ccc(NC(=O)c3c(Cl)cncc3Cl)cc2)\C(=O)O,P05556
COc1ccccc1c2ccc(C[C@H](NC(=O)C3(CCOC3)S(=O)(=O)c4ccccc4)C(=O)O)cc2,P26010
OC(=O)c1[nH]c(CN(C2CCCCC2)S(=O)(=O)c3cc(Cl)cc(Cl)c3)nc1Cc4ccc5ccccc5c4,P05556
Cc1ccccc1NC(=O)Nc2cc(C)c(CC(=O)N3C[C@@H](F)C[C@H]3COc4ccc(cc4)C(=O)O)cc2Cl,P05556
Cc1ccccc1NC(=O)Nc2ccc(CC(=O)N3CCCC3C(=O)NCCCCC(=O)O)cc2,P05556
COc1cccc(OC)c1c2ccc(C[C@H](\N=C(/NCC(F)(F)F)\[C@@H]3CCN3S(=O)(=O)c4ccccc4)C(=O)O)cc2,P26010
Cc1ccccc1Nc2oc3cc(CC(=O)N4C[C@@H](F)C[C@H]4CO[C@@H]5CC[C@@H](CC5)C(=O)O)ccc3n2,P05556
COc1cc(OC)cc(c1)[C@@]2(CCCO2)C(=O)N[C@@H](Cc3ccc(cc3)c4c(OC)cccc4OC)C(=O)O,P26010
Cc1ccnc(C)c1C(=O)N[C@@H](Cc2ccc(NC(=O)c3c(Cl)cccc3Cl)cc2)C(=O)O,P05556
OC(=O)[C@H](Cc1ccc(NC(=O)c2c(Cl)cccc2Cl)cc1)NC(=O)c3ccccc3C(F)(F)F,P05556
CN1N=CC(=C(C1=O)c2ccc(C[C@H](NC(=O)c3c(Cl)cccc3Cl)C(=O)O)cc2)N4CCOCC4,P26010
OC(=O)[C@H](Cc1ccc(NC(=O)c2c(Cl)cncc2Cl)cc1)NC(=O)[C@@H]3C[C@H](CN3S(=O)(=O)c4cccc(c4)C#N)N5CC[C@H](F)C5,P05556
CN(C)C(=O)Oc1ccc(C[C@H](Nc2nc(nc3ccccc23)N(C)C4CCCCC4)C(=O)O)cc1,P05556
OC(=O)[C@H](Cc1ccc(NC(=O)c2c(Cl)cncc2Cl)cc1)NC(=O)[C@@H]3C[C@H](CN3S(=O)(=O)c4cccc(c4)C#N)N5CCCC5,P05556
CC(C)C[C@@H]1NC(=O)[C@H](C)NC(=O)[C@H](CSSC[C@H](NC1=O)C(=O)O)NC(=O)[C@@H](N)Cc2ccc(O)cc2,P05556
CC(=O)N1CSC[C@@H]1C(=O)N[C@@H](Cc2ccc(OCc3c(F)cccc3F)cc2)C(=O)O,P05556
COc1ccccc1c2ccc(C[C@H](NC(=O)C3(CCCC3)c4ccc(O)nc4)C(=O)O)cc2,P26010
CN1N=CC(=C(C1=O)c2ccc(C[C@H](NC(=O)c3c(Cl)cccc3Cl)C(=O)O)cc2)c4cccc(c4)C(F)(F)F,P26010
OC(=O)[C@H](Cc1ccc(NC(=O)c2c(Cl)cccc2Cl)cc1)NC(=O)[C@H]3CCC(=O)N3Cc4ccccc4,P05556
Cc1cc(c(C(=O)N[C@@H](Cc2ccc(NC(=O)c3c(Cl)cccc3Cl)cc2)C(=O)O)c(C)n1)C(F)(F)F,P05556
COc1cccc(OC)c1c2ccc(C[C@H](NC(=O)C3(CCCCC3)S(=O)(=O)c4ccccc4)C(=O)O)cc2,P26010
Cc1ccccc1NC(=O)Nc2ccc(CC(=O)N3C[C@@H](F)C[C@H]3COc4ccc(cc4)C(=O)O)cc2Cl,P05556
OC(=O)[C@H](Cc1ccc(NC(=O)c2c(Cl)cccc2Cl)cc1)NC(=O)C3CCC(=O)N3Cc4ccccc4,P05556
CNC(=O)N(C)CCC1(CCCC1)C(=O)N[C@@H](Cc2ccc(NC(=O)c3c(Cl)cccc3Cl)cc2)C(=O)O,P05556
COc1cccc(OC)c1c2ccc(C[C@H](\N=C(/NCC(C)(C)C)\[C@@H]3CCN3S(=O)(=O)c4ccccc4)C(=O)O)cc2,P26010
Cc1ccc(cc1)S(=O)(=O)N2CCC[C@H]2C(=O)N[C@@H](Cc3ccc(cc3)N4CCN(Cc5ccccc5)CC4)C(=O)O,P05556
OC(=O)[C@H](Cc1ccc(OC(=O)NC2CCCCC2)cc1)NC(=O)c3ccccc3Cl,P05556
CN1CCN(Cc2ccccc2c3ccc(C[C@H](NC(=O)c4ccccc4Cl)C(=O)O)cc3)CC1,P26010
OC(=O)\C(=C\c1ccc(OCc2c(Cl)cncc2Cl)cc1)\NC(=O)c3cccnc3Cl,P05556
OC(=O)[C@@H]1CC[C@H](CC1)OC[C@@H]2C[C@H](F)CN2C(=O)Cc3ccc(Nc4oc5ccccc5n4)c(Cl)c3,P05556
N[C@@H](Cc1ccc(O)cc1)C(=O)NC2CCCCC[C@H](NC(=O)C3(CCCC3)CCNC2=O)C(=O)O,P05556
Oc1cc(n[nH]1)[C@H](Cc2ccc(NC(=O)c3c(Cl)cncc3Cl)cc2)NC(=O)[C@@H]4CCCN4S(=O)(=O)c5cc(Cl)cc(Cl)c5,P05556
COc1cccc(OC)c1c2ccc(C[C@H](NC(=O)C3(CCCC3)S(=O)(=O)c4ccc(F)cc4)C(=O)O)cc2,P26010
COc1cccc(OC)c1c2ccc(CC(NC(=O)C3CCCN3S(=O)(=O)c4ccccc4)C(=O)O)cc2,P05556
CC(C)CCNC(=O)C(CCCC(=O)O)NC(=O)C1CCCN1C(=O)Cc2ccc(NC(=O)Nc3ccccc3C)cc2,P05556
CCc1ccc(C[C@H](NC(=O)[C@@H]2CCCN2S(=O)(=O)c3cc(Cl)cc(Cl)c3)C(=O)O)cc1,P05556
COc1ccc(cc1)C2=C(C(=O)N(C)N=C2)c3ccc(C[C@H](NC(=O)c4c(Cl)cccc4Cl)C(=O)O)cc3,P26010
COc1cccc(OC)c1c2ccc(C[C@H](NC(=O)[C@]3(C)OC(C)CC3=O)C(=O)O)cc2,P26010
COc1ccccc1c2ccc(C[C@H](NC(=O)[C@]3(CCCO3)C(=O)N4CCN(C)CC4)C(=O)O)cc2,P26010
OC(=O)[C@@H]1CC[C@H](CC1)OC[C@@H]2C[C@H](F)CN2C(=O)Cc3cc(Cl)c(NC(=O)c4nsc5ccccc45)cc3F,P05556
OCc1ccc(C[C@H](NC(=O)[C@@H]2CCC(=O)N2Cc3ccccc3)C(=O)O)cc1,P05556
O=C(\C=C\c1ccccc1)\C=C/2\C(=O)NC(=O)N(C2=O)c3ccccc3,P26010
COCCC[C@@]1(CCCO1)C(=O)N[C@@H](Cc2ccc(cc2)c3c(OC)cccc3OC)C(=O)O,P05556
CC(=O)N1CSC[C@H]1C(=O)N\C(=C\c2ccc(OCc3ccccc3)cc2)\C(=O)O,P05556
OC(=O)[C@H](Cc1ccccc1Cl)NC(=O)[C@@H]2CCCN2S(=O)(=O)c3cc(Cl)cc(Cl)c3,P05556
C[C@@]1(CCCO1)C(=O)N[C@@H](Cc2ccc(cc2)c3c(OC4CC4)cccc3OC5CC5)C(=O)O,P05556
OC[C@@H]1NC(=O)[C@H](CSSC[C@H](NC(=O)[C@@H]2CCCN2C1=O)C(=O)O)NC(=O)C(Cc3ccc(O)cc3)c4ccccc4,P05556
COc1ccc(C[C@H](NC(=O)[C@]2(C)CCCN2S(=O)(=O)c3cc(Cl)cc(Cl)c3)C(=O)O)cc1,P26010
OC(=O)[C@H](Cc1ccc(OC(F)(F)F)cc1)NC(=O)[C@@H]2CCCN2S(=O)(=O)c3cc(Cl)cc(Cl)c3,P05556
CC(C)(C)Oc1ccc(C[C@H](NC(=O)[C@]2(C)CCCN2S(=O)(=O)c3cc(Cl)cc(Cl)c3)C(=O)O)cc1,P26010
COc1ccc(CC(=O)N[C@H]2CSSC[C@H](NC(=O)[C@@H]3CCCN3C(=O)[C@H](CO)NC2=O)C(=O)O)cc1,P05556
COc1ccc(cc1)c2cccnc2C(=O)Nc3ccc(C[C@H](NC(=O)C4CCC(=O)N4Cc5ccccc5)C(=O)O)cc3,P05556
C[C@@H]1NC(=O)[C@H](CSSC[C@H](NC1=O)C(=O)O)NC(=O)[C@@H](N)Cc2ccc(O)cc2,P05556
CN(C)C1=C(N[C@@H](Cc2ccc(NC(=O)c3c(Cl)cncc3Cl)cc2)C(=O)O)C(=O)C1=O,P05556
OC(=O)[C@H](Cc1ccc(F)cc1)NC(=O)[C@@H]2CCCN2S(=O)(=O)c3cc(Cl)cc(Cl)c3,P05556
OC(=O)[C@H](Cc1ccc(NC(=O)c2c(Cl)cncc2Cl)cc1)Nc3cc(Cc4ccccc4)ncn3,P05556
COc1ccccc1c2ccc(C[C@H](NC(=O)C3(CCCN(C)C3)S(=O)(=O)c4ccccc4)C(=O)O)cc2,P26010
COc1ccccc1c2ccc(C[C@H](NC(=O)C3(CCSCC3)S(=O)(=O)c4ccccc4)C(=O)O)cc2,P26010
OC(=O)[C@H](Cc1ccc(NC(=O)c2c(Cl)cncc2Cl)cc1)NC(=O)[C@@H]3C[C@H](CN3S(=O)(=O)c4cccc(c4)C#N)N5CCCCCCC5,P05556
Cn1nnnc1c2ccc(CC3(CCCCC3)C(=O)N[C@@H](Cc4ccc(NC(=O)c5c(Cl)cccc5Cl)cc4)C(=O)O)cc2,P05556
CS(=O)(=O)CCC1(CCCC1)C(=O)N[C@@H](Cc2ccc(NC(=O)c3c(Cl)cccc3Cl)cc2)C(=O)O,P05556
COc1cc(CN2CCCC2)cc(OC)c1c3ccc(C[C@H](NC(=O)[C@]4(C)CCCN4S(=O)(=O)c5cc(Cl)cc(Cl)c5)C(=O)O)cc3,P26010
OC(=O)[C@H](Cc1ccc(NC(=O)c2ccccc2)cc1)NC(=O)[C@@H]3CCC(=O)N3Cc4ccccc4,P05556
CC(=O)N[C@@H](Cc1ccc(O)cc1)C(=O)N[C@@H]2CSSC[C@@H](NC(=O)[C@H]3CCCN3C(=O)[C@@H](CC(=O)O)NC2=O)C(=O)O,P05556
COc1ccccc1c2ccc(C[C@@H](NC(=O)[C@@]3(C)CCCO3)C(=O)O)cc2,P26010
C[C@@H]1NC(=O)[C@H](CSSC[C@H](NC(=O)[C@@H]2CCCN2C1=O)C(=O)O)NC(=O)[C@H](Cc3ccc(O)cc3)NC(=O)C,P05556
COc1ccccc1c2ccc(C[C@H](NC(=O)C3(CCCC3)c4ccnnc4)C(=O)O)cc2,P26010
N[C@@H](Cc1ccc(O)cc1)C(=O)NC2CCCC[C@H](NC(=O)C3(CCCC3)CCNC2=O)C(=O)O,P05556
CC(=O)N[C@@H](Cc1ccc(O)cc1)C(=O)NCc2ccc(C[C@H](NC(=O)[C@@H]3CCC(=O)N3Cc4ccccc4)C(=O)O)cc2,P05556
COc1cccc(OC)c1c2ccc(C[C@H](\N=C(/NCC3CCOOCC3)\[C@@H]4CCN4S(=O)(=O)c5ccccc5)C(=O)O)cc2,P26010
OC(=O)[C@H](Cc1ccc(NC(=O)c2c(Cl)cncc2Cl)cc1)NC(=O)[C@@H]3CCCN3S(=O)(=O)c4cccc(Cl)c4,P05556
CCN(CC)C1=C(N[C@@H](Cc2ccc(cc2)c3ccccc3OC)C(=O)O)C(=O)C1=O,P05556
CCC(C)\N=C/1\C(\C(=C1O)O)=N\[C@@H](Cc2ccc(NC(=O)c3c(Cl)cncc3Cl)cc2)C(=O)O,P05556
COc1ccc(C[C@H](NC(=O)[C@@H]2CSCN2C(=O)C)C(=O)O)cc1,P05556
COc1ccccc1c2ccc(C[C@H](NC(=O)C3(CCC3)S(=O)(=O)c4ccccc4)C(=O)O)cc2,P26010
N[C@@H](Cc1ccc(O)cc1)C(=O)N[C@H]2CSSC[C@H](NC(=O)C3(CCCC3)CCNC2=O)C(=O)O,P05556
Cc1ccc(F)cc1Nc2oc3cc(CC(=O)N4C[C@@H](F)C[C@H]4CO[C@@H]5CC[C@H](CC5)C(=O)O)ccc3n2,P05556
CO[C@H]1C[C@@H](CO[C@@H]2CC[C@H](CC2)C(=O)O)N(C1)C(=O)Cc3cc(Cl)c(NC(=O)c4cn(C)c5ccccc45)cc3Cl,P05556
COc1cccc(OC)c1c2ccc(C[C@H](NC(=O)C3(CCCNC3)S(=O)(=O)c4ccccc4Br)C(=O)O)cc2,P26010
C[C@]1(CCCN1S(=O)(=O)c2cc(Cl)cc(Cl)c2)C(=O)N[C@@H](Cc3ccc(NC(=O)c4cccnc4)cc3)C(=O)O,P05556
OC(=O)[C@H](Cc1ccc(cc1)c2ccccc2)NC(=O)C3(CCCC3)S(=O)(=O)c4ccc(Br)cc4,P26010
CC(=O)N1CSC[C@@H]1C(=O)N\C(=C/c2ccc(OCc3c(Cl)cccc3Cl)cc2)\C(=O)O,P05556
OC(=O)[C@H](Cc1ccc(NC(=O)c2c(Cl)cncc2Cl)cc1)\N=C/3\C(\C(=C3O)O)=N\CCCC(F)(F)F,P05556
OC(=O)[C@H](Cc1ccc(I)cc1)NC(=O)[C@@H]2CCCN2S(=O)(=O)c3cc(Cl)cc(Cl)c3,P05556
CC(=O)N1CSC[C@@H]1C(=O)N[C@@H](Cc2ccc(OC(=O)C34CC5CC(CC(C5)C3)C4)cc2)C(=O)O,P05556
OC(=O)[C@H](Cc1ccc(cc1)c2ccccc2)NC(=O)C3(CCCC3)S(=O)(=O)Cc4ccccc4,P05556
N[C@@H](Cc1ccc(O)c(I)c1)C(=O)N[C@H]2CSSC[C@H](NC(=O)[C@@H]3CCCN3C(=O)[C@H](CO)NC2=O)C(=O)O,P05556
CCC\N=C/1\C(\C(=C1O)O)=N\[C@@H](Cc2ccc(NC(=O)c3c(Cl)cncc3Cl)cc2)C(=O)O,P05556
CCCN(CC)c1ncc(c(N[C@@H](Cc2ccc(OC(=O)N(C)C)cc2)C(=O)O)n1)c3ccccc3C,P05556
NS(=O)(=O)c1ccc(cc1)C(=O)Nc2ccc(C[C@H](NC(=O)C3CCC(=O)N3Cc4ccccc4)C(=O)O)cc2,P05556
OC(=O)C(Cc1ccc(NC(=O)c2c(Cl)cncc2Cl)cc1)Nc3ncccc3[N+](=O)[O-],P05556
COc1cccc(OC)c1c2ccc(C[C@H](\N=C(/NCCn3cnnc3)\[C@@H]4CCN4S(=O)(=O)c5ccccc5)C(=O)O)cc2,P26010
CCC\N=C/1\C(\C(=C1O)O)=N\[C@@H](Cc2ccc(cc2)c3c(OC)cccc3OC)C(=O)O,P05556
COCCCN(CC(=O)N[C@@H](CC(=O)O)c1ccc(OC)cc1)C(=O)Cc2ccc(NC(=O)Nc3ccccc3C)cc2,P05556
OC(=O)[C@H](Cc1ccc(NC(=O)c2c(Cl)cncc2Cl)cc1)NC(=O)[C@@H]3C[C@@H](CN3S(=O)(=O)c4cc(Cl)cc(Cl)c4)N5CCC5,P05556
OC(=O)[C@H](Cc1ccc(NC(=O)c2c(Cl)cccc2Cl)cc1)NC(=O)c3ccc(Br)cc3Cl,P05556
Cc1ccccc1NC(=O)Nc2ccc(CC(=O)Nc3nc(CC(=O)O)cs3)cc2,P05556
OC(=O)CCCC#Cc1ccc(C[C@H](NC(=O)[C@@H]2CCC(=O)N2Cc3ccccc3)C(=O)O)cc1,P05556
C\C=C\[C@@H](CC(=O)O)NC(=O)C[C@@H](CC(C)C)NC(=O)Cc1ccc(NC(=O)Nc2ccccc2C)cc1,P05556
CC(C)C[C@H](NC(=O)Cc1ccc(NC(=O)Nc2ccccc2C)cc1)C(=O)N3CCCCC3C(C(=O)O)c4ccccc4,P05556
OC(=O)[C@H](Cc1ccc(cc1)N2CCN(CC2)c3ccccc3)NC(=O)c4c(Cl)cccc4Cl,P05556
Cn1nnnc1c2ccc(CC3(CCC3)C(=O)N[C@@H](Cc4ccc(NC(=O)c5c(Cl)cccc5Cl)cc4)C(=O)O)cc2,P05556
OC(=O)[C@H](Cc1ccc(NC(=O)c2c(Cl)cncc2Cl)cc1)NC(=O)[C@@H]3C[C@H](CN3S(=O)(=O)c4cccc(c4)C#N)N5CCCCCC5,P05556
COc1cccc(OC)c1c2ccc(C[C@H](NC(=O)[C@]3(C)CCCN3S(=O)(=O)c4cc(Cl)cc(Cl)c4)C(=O)O)cc2,P26010
COC1=C(C(=O)N(C)N=C1)c2ccc(C[C@H](NC(=O)c3cc(F)ccc3Cl)C(=O)O)cc2,P05556
CS(=O)(=O)c1ccc(cc1)[C@@H](CC(=O)O)NC(=O)[C@@H]2CCCN2S(=O)(=O)c3cc(Cl)cc(Cl)c3,P05556
OC(=O)[C@H](Cc1ccc(COc2ccc(cc2)[N+](=O)[O-])cc1)NC(=O)[C@@H]3CCC(=O)N3Cc4ccccc4,P05556
Cc1ccccc1NC(=O)Nc2ccc(CC(=O)N3C[C@@H](F)C[C@H]3COc4ccc(cc4)C(=O)O)cc2C(F)(F)F,P05556
C[C@@]1(CCCO1)C(=O)N[C@@H](Cc2ccc(cc2)N3C=CC=CC3=O)C(=O)O,P05556
N[C@@H](Cc1cccc(O)c1)C(=O)N[C@H]2CSSC[C@H](NC(=O)[C@@H]3CCCN3C(=O)[C@H](CO)NC2=O)C(=O)O,P05556
COc1ccc(cc1)[C@@H](CC(=O)O)NC(=O)[C@@H]2CCN2S(=O)(=O)c3cc(Cl)cc(Cl)c3,P05556
COc1cccc(OC)c1c2ccc(CC(Nc3cccnc3)C(=O)O)cc2,P05556
OC(=O)[C@H](Cc1ccc(NC(=O)c2c(Cl)cncc2Cl)cc1)\N=C/3\C(\C(=C3O)O)=N\C4CCC4,P05556
COc1ccc(cc1OC)S(=O)(=O)N2Cc3ccccc3C[C@H]2C(=O)N[C@@H](CCC(=O)O)C(=O)O,P05556
OC(=O)C[C@@H](NC(=O)[C@@H]1CCCN1S(=O)(=O)c2cc(Cl)cc(Cl)c2)c3ccc(O)cc3,P05556
OC(=O)[C@H](Cc1ccc(cc1)c2ccccc2)NC(=O)C3(Cc4cccc(C3)c4)S(=O)(=O)c5ccccc5,P05556
CC(C)(C)C(=O)N\C(=C/c1ccc(NC(=O)c2c(Cl)cccc2Cl)cc1)\C(=O)O,P05556
C[C@]1(CCCN1S(=O)(=O)c2cc(Cl)cc(Cl)c2)C(=O)N[C@@H](Cc3ccc(NC(=O)c4c(Cl)cccc4Cl)cc3)C(=O)O,P05556
CN(C)C(=O)Oc1ccc(C[C@H](Nc2ncncc2c3ccccc3)C(=O)O)cc1,P05556
OC(=O)CN(CC(=O)N[C@@H](Cc1ccc(OCc2c(Cl)cccc2Cl)cc1)C(=O)O)S(=O)(=O)c3ccccn3,P05556
COc1cccc(c1)N2CCC[C@H]2C(=O)N[C@@H](Cc3ccc(cc3)c4c(OC)cccc4OC)C(=O)O,P05556
Cc1cc(F)ccc1Nc2oc3c(F)c(CC(=O)N4C[C@@H](F)C[C@H]4CO[C@@H]5CC[C@H](CC5)C(=O)O)ccc3n2,P05556
OC(=O)[C@H](Cc1ccc(OC(=O)c2ccc[nH]2)cc1)NC(=O)[C@@H]3CCCN3S(=O)(=O)c4cc(Cl)cc(Cl)c4,P05556
OC(=O)CCNC(=O)[C@@H]1CCCN1S(=O)(=O)c2cc(Cl)cc(Cl)c2,P05556
CC(C)[C@H](CC(=O)O)NC(=O)[C@@H]1CCCN1S(=O)(=O)c2cc(Cl)cc(Cl)c2,P05556
CC(=O)N[C@@H](CCCN=C(N)N)C(=O)N[C@H]1CSSC[C@H](NC(=O)[C@@H]2CCCN2C(=O)[C@H](CC(=O)O)NC1=O)C(=O)O,P05556
C[C@@]1(CCCO1)C(=O)N[C@@H](Cc2ccc(NC(=O)c3c(Cl)cncc3Cl)cc2)C(=O)O,P05556
OC(=O)C[C@@H](NC(=O)[C@@H]1CCCN1S(=O)(=O)c2cc(Cl)cc(Cl)c2)c3ccc(OC4CC4)cc3,P05556
C[C@]1(CCCN1S(=O)(=O)c2cc(Cl)cc(Cl)c2)C(=O)N[C@@H](Cc3cccc(Cl)c3)C(=O)O,P26010
N[C@@H](Cc1ccc(O)cc1)C(=O)N[C@H]2CSSC[C@H](NC(=O)CCCCNC2=O)C(=O)O,P05556
OC(=O)C[C@@H](NC(=O)[C@@H]1CCN1S(=O)(=O)c2cc(Cl)cc(Cl)c2)c3ccc(Cl)c(F)c3,P05556
OC(=O)[C@H](Cc1ccccn1)NC(=O)[C@@H]2CCCN2S(=O)(=O)c3cc(Cl)cc(Cl)c3,P05556
COc1ccc(cn1)[C@@H](CC(=O)O)NC(=O)[C@@H]2CCN2S(=O)(=O)c3cc(Cl)cc(Cl)c3,P05556
CC(=O)N1CSC[C@@H]1C(=O)N[C@@H](Cc2ccc(OCc3ccccc3)cc2)C(=O)O,P05556
COc1cccc(OC)c1c2ccc(C[C@H](NC(=O)C3(CCCNC3)S(=O)(=O)c4ccccc4N5CCCC5)C(=O)O)cc2,P26010
COc1ccccc1c2ccc(C[C@H](NC(=O)[C@]3(CCCO3)c4ccc(F)cc4)C(=O)O)cc2,P26010
OC(=O)[C@H](Cc1ccc(NC(=O)c2ccnc3ccccc23)cc1)NC(=O)C4CCC(=O)N4Cc5ccccc5,P05556
COc1cccc(OC)c1c2ccc(C[C@H](NC(=O)[C@]3(C)CCN3S(=O)(=O)c4cc(Cl)cc(Cl)c4)C(=O)O)cc2,P26010
COC1=C(C(=O)N(C)N=C1)c2ccc(C[C@H](NC(=O)c3cccnc3Cl)C(=O)O)cc2,P26010
CC(C)C[C@H](NC(=O)Cc1ccc(NC(=O)Nc2ccccc2C)cc1)C(=O)N[C@@H](CC(=O)O)C(=O)N[C@@H](C(C)C)C(=O)N3CCC[C@H]3C(=O)O,P05556
OC(=O)C[C@@H](NC(=O)[C@@H]1CCN1S(=O)(=O)c2cc(Cl)cc(Cl)c2)c3ccc(Oc4ccccc4)cc3,P05556
COc1ccccc1c2ccc(C[C@H](NC(=O)[C@H]3CSCN3)C(=O)O)cc2,P26010
Cc1cc(CC(=O)N2C[C@@H](F)C[C@H]2COc3ccc(cc3)C(=O)O)ccc1NC(=O)Nc4ccccc4Cl,P05556
C[C@]1(CCCN1S(=O)(=O)c2cc(Cl)cc(Cl)c2)C(=O)N[C@@H](Cc3ccc(NC(=O)c4c(Cl)ccnc4Cl)cc3)C(=O)O,P05556
OC(=O)C[C@H](Cc1ccccc1)NC(=O)[C@@H]2CCCN2S(=O)(=O)c3cc(Cl)cc(Cl)c3,P05556
CC(C)(C)Oc1ccc(cc1)[C@@H](CC(=O)O)NC(=O)[C@@H]2CCCN2S(=O)(=O)c3cc(Cl)cc(Cl)c3,P05556
CCCC[C@@]1(CCCO1)C(=O)N[C@@H](Cc2ccc(cc2)c3c(OC)cccc3OC)C(=O)O,P05556
OC(=O)C[C@@H](NC(=O)[C@@H]1CCN1S(=O)(=O)c2cc(Cl)cc(Cl)c2)c3ccc(OC4CC4)cc3,P05556
OC(=O)[C@@H]1CC[C@H](CC1)OC[C@@H]2C[C@H](F)CN2C(=O)Cc3ccc(NC(=O)c4nccc5ccccc45)c(Cl)c3,P05556
OC(=O)C[C@@H](NC(=O)[C@@H]1CCN1S(=O)(=O)c2cc(Cl)cc(Cl)c2)c3ccc(F)cc3,P05556
CN1N=CC(=C(C1=O)c2ccc(C[C@H](NC(=O)c3c(Cl)cccc3Cl)C(=O)O)cc2)c4cccc(OC(F)(F)F)c4,P05556
OC(=O)[C@H](Cc1ccc(NC(=O)c2c(Cl)cccc2Cl)cc1)NC(=O)C3(CCNC(=O)c4cccc(c4)C(F)(F)F)CCCC3,P05556
CC(=O)N1CSC[C@@H]1C(=O)N[C@@H](Cc2ccc(OC(=O)c3ccccc3)cc2)C(=O)O,P05556
Cc1ccccc1NC(=O)Nc2ccc(CC(=O)N3CSCC3C(=O)NCCCCC(=O)O)cc2,P05556
OC(=O)[C@H](Cc1ccc(cc1)N2C(=O)Cc3ccccc3C2=O)NC(=O)[C@@H]4CCC(=O)N4Cc5ccccc5,P05556
COc1ccccc1c2ccc(C[C@H](NC(=O)C3(CCCCC3)S(=O)(=O)c4ccc(F)cc4)C(=O)O)cc2,P26010
OC(=O)C[C@@H](NC(=O)[C@@H]1CCN1S(=O)(=O)c2cc(Cl)cc(Cl)c2)c3ccccc3,P05556
Cc1cccc(C)c1NC(=O)Nc2ccc(CC(=O)Nc3ccc(OCC(=O)OC(C)(C)C)c(CCC(=O)O)c3)cc2,P05556
CN([C@@H](CCC(=O)O)C(=O)N[C@@H](Cc1ccc(OCc2c(Cl)cccc2Cl)cc1)C(=O)O)S(=O)(=O)c3ccccc3,P05556
COc1cccc(OC)c1c2ccc(C[C@H](NC(=O)[C@]3(CCCO3)c4cccc(c4)[N+](=O)[O-])C(=O)O)cc2,P26010
CC(=O)N1CSC[C@@H]1C(=O)N\C(=C\c2ccc(NC(=O)c3c(Cl)cccc3Cl)cc2)\C(=O)O,P05556
CC(C)C[C@H](NCc1ccc(NC(=O)Nc2ccccc2C)cc1)C(=O)N[C@@H](CC(=O)O)c3ccc4OCOc4c3,P05556
CSCCC1(CCCC1)C(=O)N[C@@H](Cc2ccc(NC(=O)c3c(Cl)cccc3Cl)cc2)C(=O)O,P05556
OC(=O)[C@@H]1CC[C@H](CC1)OC[C@@H]2C[C@H](F)CN2C(=O)Cc3cc(Cl)c(NC(=O)c4n[nH]c5ccccc45)cc3F,P05556
COc1ccccc1c2ccc(C[C@H](NC(=O)[C@]3(C)CCCN3S(=O)(=O)c4cc(Cl)cc(Cl)c4)C(=O)O)cc2,P26010
COc1ccnc(Cl)c1C(=O)Nc2ccc(C[C@H](NC(=O)[C@]3(C)CCCN3S(=O)(=O)c4cc(Cl)cc(Cl)c4)C(=O)O)cc2,P05556
CC(C)C\N=C/1\C(\C(=C1O)O)=N\[C@@H](Cc2ccc(NC(=O)c3c(Cl)cncc3Cl)cc2)C(=O)O,P05556
COc1ccccc1c2ccc(C[C@H](NC(=O)C3(CCN(CC3)C(C)(C)C)S(=O)(=O)c4ccccc4)C(=O)O)cc2,P26010
CC(C)C[C@H](NC(=O)Cc1ccc(NC(=O)Nc2ccccc2C)cc1)c3cc(CCCC(=O)O)on3,P05556
N[C@@H](Cc1c(F)c(F)c(O)c(F)c1F)C(=O)N[C@H]2CSSC[C@H](NC(=O)[C@@H]3CCCN3C(=O)[C@H](CO)NC2=O)C(=O)O,P05556
CCOC(=O)CCN1CCN(CC1)c2ccc(C[C@H](NC(=O)[C@@H]3CCCN3S(=O)(=O)c4ccc(C)cc4)C(=O)O)cc2,P05556
Cc1cccc(C)c1C(=O)N[C@@H](Cc2ccc(NC(=O)c3c(Cl)cccc3Cl)cc2)C(=O)O,P05556
C[C@@H]1NC(=O)[C@H](CSSC[C@H](NC(=O)[C@@H]2CCCCN2C1=O)C(=O)O)NC(=O)[C@H](Cc3ccc(O)cc3)NC(=O)C,P05556
C\C=C\[C@H](CC(=O)O)NC(=O)CN(CCC(C)C)C(=O)Cc1ccc(NC(=O)Nc2ccccc2C)cc1,P05556
C\C=C\[C@@H](CC(=O)O)NC(=O)[C@@H]1CCCN1S(=O)(=O)c2cc(Cl)cc(Cl)c2,P05556
COCCCN(CC(=O)N[C@@H](CC(=O)O)c1ccc(OC)c(OC)c1)C(=O)Cc2ccc(NC(=O)Nc3ccccc3C)cc2,P05556
OC(=O)C[C@H](NC(=O)[C@@H]1CCCN1S(=O)(=O)c2cc(Cl)cc(Cl)c2)c3ccccc3,P05556
Cc1ccc(c(c1)C(=O)Nc2ccc(C[C@H](NC(=O)C3CCC(=O)N3Cc4ccccc4)C(=O)O)cc2)[N+](=O)[O-],P05556
COc1ccc(cc1)[C@@H](CC(=O)O)NC(=O)[C@]2(C)CCN2S(=O)(=O)c3cc(Cl)cc(Cl)c3,P05556
N[C@@H](Cc1ccc(O)cc1)C(=O)N[C@H]2CSSC[C@H](NC(=O)C3CCC(CC3)CNC2=O)C(=O)O,P05556
OC(=O)C[C@@H](NC(=O)[C@@H]1CCN1S(=O)(=O)c2cc(Cl)cc(Cl)c2)c3ccc(OC4CCCC4)cc3,P05556
OC(=O)C[C@@H](NC(=O)[C@@H]1CCN1S(=O)(=O)c2cc(Cl)cc(Cl)c2)c3ccc(Br)cc3,P05556
OC(=O)[C@H](Cc1ccccc1F)NC(=O)[C@@H]2CCCN2S(=O)(=O)c3cc(Cl)cc(Cl)c3,P05556
Cc1ccccc1NC(=O)Nc2ccc(CC(=O)N3C[C@@H](F)C[C@H]3COc4ccc(cc4)C(=O)O)cc2C,P05556
CN1N=CC(=C(C1=O)c2ccc(C[C@H](NC(=O)c3c(Cl)cccc3Cl)C(=O)O)cc2)n4nc(C)cc4C,P05556
Cc1ccc(cc1)N2CCN(CC2)c3ccc(C[C@H](NC(=O)[C@@H]4CCCN4S(=O)(=O)c5ccc(C)cc5)C(=O)O)cc3,P05556
CCCCC\N=C/1\C(\C(=C1O)O)=N\[C@@H](Cc2ccc(NC(=O)c3c(Cl)cncc3Cl)cc2)C(=O)O,P05556
COC1=C(C(=O)N(C)N=C1)c2ccc(C[C@H](NC(=O)N(C(C)C)c3ccccc3)C(=O)O)cc2,P26010
COc1ccccc1c2ccc(C[C@H](NC(=O)[C@]3(CCCO3)C(=O)N4CCCC4)C(=O)O)cc2,P26010
CC(C)[C@@H](CC(=O)O)NC(=O)[C@@H]1CCCN1S(=O)(=O)c2cc(Cl)cc(Cl)c2,P05556
CC(C)C[C@H](NC(=O)Cc1ccc(NC(=O)Nc2ccccc2C)cc1)c3cc(CCC(=O)O)on3,P05556
COc1ccc(cc1)[C@](C)(CC(=O)O)NC(=O)[C@@H]2CCN2S(=O)(=O)c3cc(Cl)cc(Cl)c3,P05556
CC[C@@H](C)[C@@H]1NC(=O)[C@H](C)NC(=O)[C@H](CSSC[C@H](NC1=O)C(=O)O)NC(=O)[C@@H](N)Cc2ccc(O)cc2,P05556
CNC(=O)NCCC1(CCCC1)C(=O)N[C@@H](Cc2ccc(NC(=O)c3c(Cl)cccc3Cl)cc2)C(=O)O,P05556
OC(=O)C[C@@H](NC(=O)[C@@H]1CCN1S(=O)(=O)c2cc(Cl)cc(Cl)c2)c3ccc(OCC(F)(F)F)cc3,P05556
COC1=C(C(=O)N(C)N=C1)c2ccc(C[C@H](NC(=O)c3c(C)onc3C)C(=O)O)cc2,P05556
Cn1cc(C(=O)Nc2ccc(CC(=O)N3C[C@@H](F)C[C@H]3CO[C@@H]4CC[C@H](CC4)C(=O)O)cc2Cl)c5ccccc15,P05556
CN(C)C(=O)Oc1ccc(C[C@H](Nc2nc(ncc2c3ccccc3C)N(C)C4CCC4)C(=O)O)cc1,P05556
OC(=O)c1ccc(OC[C@@H]2C[C@H](F)CN2C(=O)Cc3cc(Cl)c(NC(=O)Nc4ccccc4Cl)cc3Cl)cc1,P05556
OC(=O)[C@H](Cc1ccc(NC(=O)c2c(Cl)cccc2Cl)cc1)NC(=O)C3(CCCCC#N)CCCC3,P05556
CCOc1ccc(cc1)[C@@H](CC(=O)O)NC(=O)[C@@H]2CCCN2S(=O)(=O)c3cc(Cl)cc(Cl)c3,P05556
OC(=O)C[C@@H](NC(=O)[C@@H]1CCCN1S(=O)(=O)c2cc(Cl)cc(Cl)c2)c3ccc(OC(F)(F)F)cc3,P05556
OC(=O)C[C@@H](NC(=O)[C@@H]1CCN1S(=O)(=O)c2cc(Cl)cc(Cl)c2)c3ccc(OCF)cc3,P05556
CC(=O)N1CSC[C@@H]1C(=O)N[C@@H](Cc2ccc(OCc3ccccc3C(F)(F)F)cc2)C(=O)O,P05556
OC(=O)C[C@@H](NC(=O)[C@@H]1CCCN1S(=O)(=O)c2cc(Cl)cc(Cl)c2)c3ccccc3,P05556
COc1ccccc1c2ccc(C[C@H](NC(=O)C3CCCC3)C(=O)O)cc2,P05556
Cc1ccccc1NC(=O)Nc2ccc(CC(=O)Nc3cccc(c3)C(=O)NCC(=O)O)cc2,P05556
C[C@]1(CCCN1S(=O)(=O)c2cc(Cl)cc(Cl)c2)C(=O)N[C@@H](Cc3ccc(cc3)C#N)C(=O)O,P26010
CC1CC(C)CN(C1)C2CC(N(C2)S(=O)(=O)c3cccc(c3)C#N)C(=O)NC(Cc4ccc(NC(=O)c5c(Cl)cncc5Cl)cc4)C(=O)O,P05556
OC(=O)[C@H](Cc1ccc(cc1)N2C(=O)CC(Cc3ccccc3)C2=O)NC(=O)[C@@H]4CCC(=O)N4Cc5ccccc5,P05556
COc1nc(N[C@@H](Cc2ccc(NC(=O)c3c(Cl)cncc3Cl)cc2)C(=O)O)nc(n1)N(C)C,P05556
OC(=O)[C@H](Cc1ccc(NC(=O)c2c(Cl)cncc2Cl)cc1)NC(=O)[C@@H]3C[C@H](CN3S(=O)(=O)c4cccc(c4)C#N)N5CC(F)(F)C5,P05556
OC(=O)[C@H](Cc1ccncc1)NC(=O)[C@@H]2CCCN2S(=O)(=O)c3cc(Cl)cc(Cl)c3,P05556
CC(=O)c1cccc(Cl)c1C(=O)N[C@@H](Cc2ccc(NC(=O)c3c(Cl)cccc3Cl)cc2)C(=O)O,P05556
CC\N=C/1\C(\C(=C1O)O)=N\[C@@H](Cc2ccc(NC(=O)c3c(Cl)cncc3Cl)cc2)C(=O)O,P05556
OC(=O)[C@H](Cc1ccc(NC(=O)c2c(Cl)cccc2Cl)cc1)NC(=O)C3(Cc4ccccc4Cl)CCCC3,P05556
Cc1cccc(Cl)c1C(=O)N[C@@H](Cc2ccc(NC(=O)c3c(Cl)cccc3Cl)cc2)C(=O)O,P05556
COc1ccccc1c2ccc(C[C@H](NC(=O)[C@]3(CCCO3)c4ccccc4)C(=O)O)cc2,P26010
CC(C)NC(=O)[C@@H]1OCO[C@H]1C(=O)N[C@@H](Cc2ccc(OCc3c(Cl)cccc3Cl)cc2)C(=O)O,P05556
CN([C@@H](CCC(=O)O)C(=O)N[C@@H](Cc1ccc(OCc2c(Cl)cccc2Cl)cc1)C(=O)O)S(=O)(=O)c3ccc4ccccc4c3,P05556
OC(=O)[C@H](Cc1ccc(NC(=O)c2c(Cl)cccc2Cl)cc1)NC(=O)c3cncnc3C(F)(F)F,P05556
C[C@]1(CCCN1S(=O)(=O)c2cc(Cl)cc(Cl)c2)C(=O)N[C@@H](Cc3ccc(NC(=O)c4cnccc4Cl)cc3)C(=O)O,P05556
COc1ccc(cc1C(=O)Nc2ccc(C[C@H](NC(=O)C3CCC(=O)N3Cc4ccccc4)C(=O)O)cc2)[N+](=O)[O-],P05556
FC(F)(F)S(=O)(=O)NC(=O)[C@H](Cc1ccc(NC(=O)c2c(Cl)cncc2Cl)cc1)NC(=O)[C@@H]3CCCN3S(=O)(=O)c4cc(Cl)cc(Cl)c4,P05556
COC1=C(C(=O)N(CCN2CCOCC2)N=C1)c3ccc(C[C@H](NC(=O)c4c(Cl)cccc4Cl)C(=O)O)cc3,P26010
CC(=O)N1CC[C@H]([C@@H]1C(=O)N[C@H]2CSSC[C@H](NC(=O)[C@@H]3CCCN3C(=O)[C@H](CO)NC2=O)C(=O)O)c4ccc(O)cc4,P05556
Cc1nn(nc1C(=O)N[C@@H](Cc2ccc(NC(=O)c3c(Cl)cccc3Cl)cc2)C(=O)O)c4ccccc4,P05556
COc1cccc(OC)c1c2ccc(C[C@H](NC(=O)[C@@]3(C)CCCO3)C(=O)O)cc2,P05556
COc1ccccc1c2ccc(C[C@H](NC(=O)N3CCC=N3)C(=O)O)cc2,P26010
CC(=O)N[C@@H](Cc1ccc(O)cc1)C(=O)N[C@H]2CSSC[C@H](NC(=O)C3(CCCC3)CCNC2=O)C(=O)O,P05556
C\N=C/1\C(\C(=C1O)O)=N\[C@@H](Cc2ccc(NC(=O)c3c(Cl)cncc3Cl)cc2)C(=O)O,P05556
OC(=O)c1ccc(OC[C@@H]2C[C@H](F)CN2C(=O)Cc3ccc(NC(=O)Nc4ccccc4Cl)c(Cl)c3)cc1,P05556
CCCCN(CCCC)C1=C(N[C@@H](Cc2ccc(NC(=O)c3c(Cl)cncc3Cl)cc2)C(=O)O)C(=O)C1=O,P05556
OC(=O)c1ccc(OC[C@@H]2C[C@H](F)CN2C(=O)Cc3ccc(NC(=O)Nc4ccccc4Br)c(Cl)c3)cc1,P05556
C[C@]1(CCCN1S(=O)(=O)c2cc(Cl)cc(Cl)c2)C(=O)N[C@@H](Cc3ccccc3)C(=O)O,P26010
CN(C)C(=O)Oc1ccc(C[C@H](Nc2nc(ncc2c3ccccc3C)N(C)C)C(=O)O)cc1,P05556
COCCCN(CC(=O)N[C@@H](CC(=O)O)c1ccccc1)C(=O)Cc2ccc(NC(=O)Nc3ccccc3C)cc2,P05556
CS(=O)(=O)CCCC1(CCCC1)C(=O)N[C@@H](Cc2ccc(NC(=O)c3c(Cl)cccc3Cl)cc2)C(=O)O,P05556
Cc1cccc(Br)c1C(=O)N[C@@H](Cc2ccc(NC(=O)c3c(Cl)cccc3Cl)cc2)C(=O)O,P05556
OC(=O)C(Cc1ccc(NC(=O)c2c(Cl)cncc2Cl)cc1)Nc3ccc(Cl)cn3,P05556
CCN(CC)C1=C(N[C@@H](Cc2ccc(NC(=O)c3c(Cl)cncc3Cl)cc2)C(=O)O)C(=O)C1=O,P05556
CC(=O)N1CSC[C@@H]1C(=O)N[C@@H](Cc2ccc(OCc3c(Cl)cc(Cl)cc3Cl)cc2)C(=O)O,P05556
OC(=O)[C@H](Cc1ccc(Cl)cc1)NC(=O)[C@@H]2CCCN2S(=O)(=O)c3cc(Cl)cc(Cl)c3,P05556
C[C@@H]1NC(=O)[C@H](CSSC[C@H](NC(=O)[C@H](CC2CCCCC2)NC1=O)C(=O)O)NC(=O)[C@@H](N)Cc3ccc(O)cc3,P05556
COCCC1(CCC1)C(=O)N[C@@H](Cc2ccc(NC(=O)c3c(Cl)cccc3Cl)cc2)C(=O)O,P05556
CC(=O)N1CSC[C@@H]1C(=O)N[C@@H](Cc2ccc(OCc3c(Cl)cccc3Cl)cc2)C(=O)O,P05556
CC1CCCN(C1)C2CC(N(C2)S(=O)(=O)c3cccc(c3)C#N)C(=O)NC(Cc4ccc(NC(=O)c5c(Cl)cncc5Cl)cc4)C(=O)O,P05556
OC(=O)[C@H](Cc1ccc(cc1)N2CCN(CC2)c3ccccc3)NC(=O)c4c(Cl)cc(cc4Cl)C(=O)O,P05556
CC(C)C[C@H](NC(=O)Cc1ccc(NC(=O)Nc2ccccc2C)cc1)C3=NOC(CCC(=O)O)C3,P05556
CN1N=CC(=C(C1=O)c2ccc(C[C@H](NC(=O)c3c(Cl)cccc3Cl)C(=O)O)cc2)n4cc(Br)cn4,P26010
OC(=O)[C@H](Cc1ccc(NC(=O)c2c(Cl)cncc2Cl)cc1)NC(=O)[C@@H]3C[C@H](CN3S(=O)(=O)c4cccc(c4)C#N)N5CCCC(F)(F)C5,P05556
COc1cccc(OC)c1c2ccc(C[C@H](NC(=O)[C@@]3(CCCCO)CCCO3)C(=O)O)cc2,P05556
CN(C)C(=O)Oc1ccc(C[C@H](Nc2ncncc2c3sccc3C)C(=O)O)cc1,P05556
Cc1ccc(cc1)S(=O)(=O)N2CCC[C@H]2C(=O)N[C@@H](Cc3ccc(cc3)N4CCN(CC4)c5ccc(cc5)[N+](=O)[O-])C(=O)O,P05556
OC(=O)[C@H](Cc1ccc(NC(=O)c2c(Cl)cncc2Cl)cc1)NC(=O)[C@@H]3C[C@H](CN3S(=O)(=O)c4cccc(c4)C#N)N5CCSCC5,P05556
COc1cccc(OC)c1c2ccc(C[C@H](NC(=O)C3(CCSCC3)S(=O)(=O)c4ccccc4)C(=O)O)cc2,P26010
OCCCCC1(CCCC1)C(=O)N[C@@H](Cc2ccc(NC(=O)c3c(Cl)cccc3Cl)cc2)C(=O)O,P05556
OC(=O)[C@H](Cc1ccc(NC(=O)c2c(Cl)cccc2Cl)cc1)NC(=O)C3(CC#N)CCCC3,P05556
Cc1cc(F)ccc1NC(=O)Nc2ccc(CC(=O)N3C[C@@H](F)C[C@H]3COc4ccc(cc4)C(=O)O)cc2Cl,P05556
OC(=O)[C@H](Cc1ccc(NC(=O)c2c(Cl)cncc2Cl)cc1)NC(=O)[C@@H]3C[C@H](CN3S(=O)(=O)c4cccc(c4)C#N)n5ncc6ccccc56,P05556
COc1ccccc1c2ccc(C[C@H](NC(=O)C3(CCCC3)c4cccnc4C)C(=O)O)cc2,P26010
N[C@@H](Cc1ccc(O)cc1)C(=O)N[C@H]2CSSC[C@H](NC(=O)[C@@H]3CCCN3C(=O)[C@H](CC(=O)O)NC2=O)C(=O)O,P05556
C[C@]1(CCCN1S(=O)(=O)c2cc(Cl)cc(Cl)c2)C(=O)N[C@@H](Cc3cccc(F)c3)C(=O)O,P26010
CC(=O)N1CSC[C@H]1C(=O)N[C@@H](Cc2ccc(O)cc2)C(=O)O,P05556
COc1cccc(OC)c1c2ccc(CC(Nc3cc(Cl)cc(Cl)c3)C(=O)O)cc2,P05556
COc1cccc(OC)c1c2ccc(C[C@H](NC(=O)C3(CCCNC3)S(=O)(=O)c4ccccc4)C(=O)O)cc2,P26010
COc1cccc(OC)c1c2ccc(C[C@H](NC(=O)C3(CCC3)S(=O)(=O)c4ccccc4)C(=O)O)cc2,P26010
OC(=O)[C@H](Cc1ccc(NC(=O)c2c(Cl)cncc2Cl)cc1)NC(=O)[C@@H]3C[C@H](CN3S(=O)(=O)c4cccc(c4)C#N)n5cccn5,P05556
CCN(CC)C1=C(N[C@@H](Cc2ccc(OCc3c(Cl)cccc3Cl)cc2)C(=O)O)C(=O)C1=O,P05556
COc1ccccc1c2ccc(C[C@H](NC(=O)[C@]3(CCCO3)c4ccc(cc4)C(C)(C)C)C(=O)O)cc2,P26010
Cn1cc(C(=O)Nc2cc(F)c(CC(=O)N3C[C@@H](O)C[C@H]3CO[C@@H]4CC[C@H](CC4)C(=O)O)cc2Cl)c5ccccc15,P05556
OC(=O)[C@H](Cc1ccc(cc1)N2CCN(CC2)c3ccccc3)NC(=O)[C@H]4CCCN4S(=O)(=O)c5cc(Cl)cc(Cl)c5,P05556
N[C@@H](Cc1ccc(O)cc1)C(=O)N[C@H]2CSSC[C@H](NC(=O)c3ccc(CNC2=O)cc3)C(=O)O,P05556
Cn1cc(C(=O)Nc2cc(Cl)c(CC(=O)N3C[C@@H](O)C[C@H]3CO[C@@H]4CC[C@H](CC4)C(=O)O)cc2Cl)c5ccccc15,P05556
Cc1ccc2nc(Nc3ccc(CC(=O)N4C[C@@H](F)C[C@H]4CO[C@@H]5CC[C@H](CC5)C(=O)O)cc3Cl)sc2c1,P05556
COC1=C(C(=O)N(C)N=C1)c2ccc(C[C@H](NC(=O)OC(C)(C)C)C(=O)O)cc2,P26010
CS(=O)(=O)c1ccccc1C(=O)N[C@@H](Cc2ccc(NC(=O)c3c(Cl)cccc3Cl)cc2)C(=O)O,P05556
Cc1ncccc1C(=O)N[C@@H](Cc2ccc(NC(=O)c3c(Cl)cccc3Cl)cc2)C(=O)O,P05556
CC(=O)NCCCCC1(CCCC1)C(=O)N[C@@H](Cc2ccc(NC(=O)c3c(Cl)cccc3Cl)cc2)C(=O)O,P05556
CN(C)C(=O)Oc1ccc(C[C@H](Nc2nc(ncc2c3ccccc3C)N(C)c4ccc(Cl)cc4)C(=O)O)cc1,P05556
COc1cccc(OC)c1c2ccc(CC(Nc3cccc(c3)S(=O)(=O)N4CCCC4)C(=O)O)cc2,P05556
C[C@]1(CCCN1S(=O)(=O)c2cc(Cl)cc(Cl)c2)C(=O)N[C@@H](Cc3ccncc3)C(=O)O,P26010
Cc1ccc(cc1)S(=O)(=O)N2CCC[C@H]2C(=O)N[C@@H](Cc3ccc(cc3)N4CCN(CC4)c5ccccc5)C(=O)O,P05556
OC(=O)[C@H](Cc1ccc(NC(=O)c2c(Cl)cncc2Cl)cc1)\N=C/3\C(\C(=C3O)O)=N\Cc4ccccc4,P05556
COc1cccc(OC)c1c2ccc(C[C@H](NC(=O)[C@@H]3CCCN3c4cc(cc(n4)[N+](=O)[O-])[N+](=O)[O-])C(=O)O)cc2,P26010
OC(=O)[C@H](Cc1ccc(NC(=O)c2c(Cl)cccc2Cl)cc1)NC(=O)C3(CCC=C)CCCC3,P05556
COc1cccc(OC)c1c2ccc(C[C@H](NC(=O)[C@]3(CCCO3)c4ccc(Cl)c(c4)[N+](=O)[O-])C(=O)O)cc2,P26010
CCCCCOc1ccc(C[C@H](NC(=O)\C(=N\OC)\c2csc(N)n2)C(=O)O)cc1,P05556
OC(=O)[C@H](Cc1ccc(cc1)[N+](=O)[O-])NC(=O)[C@@H]2CCCN2S(=O)(=O)c3cc(Cl)cc(Cl)c3,P05556
OC(=O)[C@@H]1CC[C@H](CC1)OC[C@@H]2C[C@H](F)CN2C(=O)Cc3ccc4nc(oc4c3)c5nccc6ccccc56,P05556
OC(=O)[C@H](Cc1ccc(NC(=O)c2ccc(F)cc2C(F)(F)F)cc1)NC(=O)C3CCC(=O)N3Cc4ccccc4,P05556
Cn1cc(c2oc3cc(CC(=O)N4C[C@@H](F)C[C@H]4CO[C@@H]5CC[C@H](CC5)C(=O)O)ccc3n2)c6cccnc16,P05556
CN(C)C(=O)Oc1ccc(C[C@H](Nc2ncncc2c3ccccc3C(F)(F)F)C(=O)O)cc1,P05556
OC(=O)[C@H](Cc1ccc(cc1)N2C(=O)CC(C2=O)c3ccc(O)cc3)NC(=O)[C@@H]4CCC(=O)N4Cc5ccccc5,P05556
CC(C)C[C@H](NC(=O)c1cc2ccccc2cn1)C(=O)N[C@@H](CC(=O)O)C(=O)N[C@@H]([C@@H](C)O)C(=O)N,P26010
COCC1(CCCC1)C(=O)N[C@@H](Cc2ccc(NC(=O)c3c(Cl)cccc3Cl)cc2)C(=O)O,P05556
C[C@]1(CCCN1S(=O)(=O)c2cc(Cl)cc(Cl)c2)C(=O)N[C@@H](Cc3ccc(cc3)c4ccccc4C#N)C(=O)O,P26010
CC1CCN(CC1)[C@@H]2C[C@H](N(C2)S(=O)(=O)c3cccc(c3)C#N)C(=O)N[C@@H](Cc4ccc(NC(=O)c5c(Cl)cncc5Cl)cc4)C(=O)O,P05556
OC(=O)[C@@H]1CC[C@H](CC1)OC[C@@H]2C[C@H](F)CN2C(=O)Cc3ccc4nc(oc4c3)c5ccnc6ccccc56,P05556
NC(=N)NCCC[C@H](NC(=O)OCC1c2ccccc2c3ccccc13)C(=O)N[C@H]4CSSC[C@H](NC(=O)[C@@H]5CCCN5C(=O)[C@H](CC(=O)O)NC4=O)C(=O)O,P05556
OC(=O)[C@H](Cc1ccc(OCc2c(Cl)cccc2Cl)cc1)NC(=O)[C@@H]3OCO[C@H]3C(=O)Nc4nccs4,P05556
CN1N=CC(=C(C1=O)c2ccc(C[C@H](NC(=O)c3c(Cl)cccc3Cl)C(=O)O)cc2)c4ccc(cc4)C#N,P26010
N[C@@H](Cc1ccc(O)cc1)C(=O)N[C@H]2CSSC[C@H](NC(=O)C3(CCCC3)CNC2=O)C(=O)O,P05556
CC(C)(C)c1ccccc1C(=O)N[C@@H](Cc2ccc(NC(=O)c3c(Cl)cccc3Cl)cc2)C(=O)O,P05556
CCOC(=O)[C@@]1(CCCO1)C(=O)N[C@@H](Cc2ccc(cc2)c3ccccc3OC)C(=O)O,P26010
OC(=O)[C@H](Cc1ccc(NC(=O)c2cccnc2O)cc1)NC(=O)C3CCC(=O)N3Cc4ccccc4,P05556
COc1cccc(OC)c1c2ccc(C[C@H](NC(=O)C3(CCCNC3)S(=O)(=O)C)C(=O)O)cc2,P26010
Cn1cc(c2oc3cc(CC(=O)N4C[C@@H](F)C[C@H]4CO[C@@H]5CC[C@H](CC5)C(=O)O)ccc3n2)c6cc(Cl)ccc16,P05556
COc1cccc(OC)c1c2ccc(C[C@H](NC(=O)C3(CCCNC3)S(=O)(=O)c4ccc(Br)cc4)C(=O)O)cc2,P26010
OC(=O)[C@@H]1CC[C@H](CC1)OC[C@@H]2C[C@H](F)CN2C(=O)Cc3ccc(NC(=O)N4CCc5ccccc45)c(Cl)c3,P05556
COC1=C(C(=O)N(C)N=C1)c2ccc(C[C@H](NC(=S)c3c(Cl)cccc3Cl)C(=O)O)cc2,P26010
OC(=O)[C@H](Cc1ccc(NC(=O)c2c(Cl)cncc2Cl)cc1)Nc3cc(Cl)ncn3,P05556
OC(=O)[C@H](Cc1ccc(CN=[N+]=[N-])cc1)NC(=O)[C@@H]2CCC(=O)N2Cc3ccccc3,P05556
CN1N=CC(=C(C1=O)c2ccc(C[C@H](NC(=O)c3c(Cl)cccc3Cl)C(=O)O)cc2)c4ccccc4,P26010
OC(=O)[C@@H]1CC[C@H](CC1)OC[C@@H]2C[C@H](F)CN2C(=O)Cc3ccc(Nc4nc5ccccc5s4)c(Cl)c3,P05556
CC(C)CCNCc1ccccc1c2ccc(C[C@H](NC(=O)c3ccccc3Cl)C(=O)O)cc2,P26010
C[C@@]1(CCCO1)C(=O)N[C@@H](Cc2ccc(cc2)c3ccccc3OC4CC4)C(=O)O,P05556
OC(=O)[C@H]1C2CCC(O2)[C@@H]1NC(=O)[C@@H]3CCCN3S(=O)(=O)c4cc(Cl)cc(Cl)c4,P05556
Cc1ccccc1NC(=O)Nc2ccc(cc2)CC(=O)NC(CC(C)C)CC(=O)NC(c3ccccc3)C(=O)[O-],P05556
COc1ccccc1c2ccc(C[C@H](NC(=O)C3(CCCCC3)S(=O)(=O)c4ccccc4C)C(=O)O)cc2,P26010
COc1ccccc1c2ccc(C[C@H](NC(=O)C3CCCCO3)C(=O)O)cc2,P05556
N[C@@H](Cc1ccc(O)c(F)c1)C(=O)N[C@H]2CSSC[C@H](NC(=O)[C@@H]3CCCN3C(=O)[C@H](CO)NC2=O)C(=O)O,P05556
N[C@@H](Cc1ccc(O)cc1)C(=O)N[C@H]2CSSC[C@H](NC(=O)c3ccccc3NC2=O)C(=O)O,P05556
OC(=O)[C@@H]1CC[C@H](CC1)OC[C@@H]2C[C@H](F)CN2C(=O)Cc3ccc(Nc4nc5c(Cl)cccc5s4)c(Cl)c3,P05556
COc1cccc(OC)c1c2ccc(C[C@H](NC(=O)C3(CCN(C)CC3)S(=O)(=O)c4ccccc4)C(=O)O)cc2,P26010
N[C@@H](Cc1ccc(O)cc1)C(=O)N[C@H]2CSSC[C@H](NC(=O)CCCNC2=O)C(=O)O,P05556
CN1N=CC(=C(C1=O)c2ccc(C[C@H](NC(=O)c3c(Cl)cccc3Cl)C(=O)O)cc2)c4ccc5OCOc5c4,P26010
CCC\N=C/1\C(\C(=C1O)O)=N\[C@@H](Cc2ccc(Oc3ncccn3)cc2)C(=O)O,P05556
CC(=O)N1CSC[C@H]1C(=O)N[C@@H](Cc2ccccc2)C(=O)O,P05556
OC(=O)[C@H](Cc1ccc(NC(=O)c2c(Cl)cncc2Cl)cc1)Nc3cc(Oc4ccccc4)ncn3,P05556
Cc1ccccc1NC(=O)Nc2ccc(CC(=O)N3CCOC[C@H]3C(=O)N4CCC(CC(=O)O)CC4)cc2,P05556
OC(=O)[C@H](Cc1ccc(cc1)N2Cc3ccccc3C2=O)NC(=O)[C@@H]4CCC(=O)N4Cc5ccccc5,P05556
Cc1ccc(cc1)S(=O)(=O)N2CCC[C@H]2C(=O)N[C@@H](Cc3ccc(cc3)N4CCN(CC4)c5ccccn5)C(=O)O,P05556
COCCCCC1(CCCC1)C(=O)N[C@@H](Cc2ccc(NC(=O)c3c(Cl)cccc3Cl)cc2)C(=O)O,P05556
NCCCC[C@H](N)C(=O)N[C@H]1CSSC[C@H](NC(=O)[C@@H]2CCCN2C(=O)[C@H](CC(=O)O)NC1=O)C(=O)O,P05556
COc1cccc(OC)c1c2ccc(C[C@H](\N=C(/NCC(=O)O)\[C@@H]3CCN3S(=O)(=O)c4ccccc4)C(=O)O)cc2,P26010
COc1cccc(OC)c1c2ccc(C[C@H](NC(=O)[C@@H]3CCN3S(=O)(=O)c4cc(Cl)cc(Cl)c4)C(=O)O)cc2,P26010
CN1CCN(CC1)c2ccc(C[C@H](NC(=O)[C@@H]3CCCN3S(=O)(=O)c4ccc(C)cc4)C(=O)O)cc2,P05556
Clc1cc(Cl)cc(c1)N2C(=O)NC(=O)\C(=C\c3ccccc3)\C2=O,P26010
CC(=O)N1CSC[C@@H]1C(=O)N\C(=C/c2ccc(NC(=O)c3c(Cl)cccc3Cl)cc2)\C(=O)O,P05556
Cn1nnnc1c2cccc(CC3(CCCC3)C(=O)N[C@@H](Cc4ccc(NC(=O)c5c(Cl)cccc5Cl)cc4)C(=O)O)c2,P05556
OC(=O)[C@H](Cc1ccc(NC(=O)c2c(Cl)cccc2Cl)cc1)NC(=O)c3c(F)cccc3C(F)(F)F,P05556
OC(=O)[C@H](Cc1ccc(NC(=O)c2c(Cl)cncc2Cl)cc1)NC(=O)[C@@H]3CCCN3S(=O)(=O)c4cc(Cl)cc(Cl)c4,P05556
OC(=O)[C@@H]1CC[C@H](CC1)OC[C@@H]2C[C@H](F)CN2C(=O)Cc3cc(Cl)c(Nc4nc5cc(F)ccc5s4)cc3F,P05556
CC(C)(C)C(=O)NCCC1(CCCC1)C(=O)N[C@@H](Cc2ccc(NC(=O)c3c(Cl)cccc3Cl)cc2)C(=O)O,P05556
N[C@@H](Cc1ccc(O)cc1)C(=O)N[C@H]2CSSC[C@H](NC(=O)C3(CCCC3)CCCNC2=O)C(=O)O,P05556
COc1nc(N[C@@H](Cc2ccc(NC(=O)c3c(Cl)cncc3Cl)cc2)C(=O)O)nc(n1)N4CCC(CC4)C(=O)O,P05556
Cc1ccccc1NC(=O)Nc2ccc(CC(=O)N3CCCC3C(=O)NCCCC(=O)O)cc2,P05556
Cn1cc(c2oc3cc(CC(=O)N4C[C@@H](F)C[C@H]4CO[C@@H]5CC[C@H](CC5)C(=O)O)ccc3n2)c6cc(F)ccc16,P05556
CCN(CC)S(=O)(=O)C1(CCCC1)C(=O)N[C@@H](Cc2ccc(cc2)c3ccccc3OC)C(=O)O,P26010
OC(=O)[C@H](Cc1ccc(NC(=O)c2c(Cl)cncc2Cl)cc1)NC(=O)[C@@H]3C[C@H](CN3S(=O)(=O)c4cccc(c4)C#N)N5CCC5,P05556
OC(=O)[C@H](Cc1ccc(\C=C\c2ccc(cc2)[N+](=O)[O-])cc1)NC(=O)[C@@H]3CCC(=O)N3Cc4ccccc4,P05556
OC[C@@H]1NC(=O)[C@H](CSSC[C@H](NC(=O)[C@@H]2CCCN2C1=O)C(=O)O)NC(=O)c3ccc(cc3)c4ccc(O)cc4,P05556
CC(=O)CCCC1(CCCC1)C(=O)N[C@@H](Cc2ccc(NC(=O)c3c(Cl)cccc3Cl)cc2)C(=O)O,P05556
OC(=O)[C@H](Cc1ccc2nc(oc2c1)c3c(Cl)cccc3Cl)NC(=O)[C@@H]4CCN4S(=O)(=O)c5cc(Cl)cc(Cl)c5,P05556
Cc1ccccc1Nc2oc3cc(CC(=O)N4C[C@@H](F)C[C@H]4C(=O)N5CCC(CC(=O)O)CC5)ccc3n2,P05556
COc1cccc(OC)c1c2ccc(CC(Nc3ccccc3)C(=O)O)cc2,P05556
COc1cccc(OC)c1c2ccc(C[C@H](NC(=O)C3(CCCNC3)S(=O)(=O)CCN4CCOCC4)C(=O)O)cc2,P26010
OC(=O)[C@H](Cc1ccc(NC(=O)c2c(Cl)cccc2Cl)cc1)NC(=O)C3(CCCC3)c4ccccc4,P05556
COc1cccc(OC)c1c2ccc(CC(Nc3ccc(cc3)S(=O)(=O)C)C(=O)O)cc2,P05556
CN(C)C(=O)Oc1ccc(C[C@H](Nc2nc(ncc2c3ccccc3C)N(C)C4CCCCC4)C(=O)O)cc1,P05556
CC1(C)CCCN(C1)[C@@H]2C[C@H](N(C2)S(=O)(=O)c3cccc(c3)C#N)C(=O)N[C@@H](Cc4ccc(NC(=O)c5c(Cl)cncc5Cl)cc4)C(=O)O,P05556
CC(C)(C)\N=C/1\C(\C(=C1O)O)=N\[C@@H](Cc2ccc(NC(=O)c3c(Cl)cncc3Cl)cc2)C(=O)O,P05556
OC(=O)[C@@H]1CC[C@H](CC1)OC[C@@H]2C[C@H](F)CN2C(=O)Cc3ccc4nc(oc4c3)c5cccc6ccccc56,P05556
CC(=O)N[C@@H](Cc1ccc(O)cc1)C(=O)N[C@H]2CSSC[C@H](NC(=O)[C@@H]3CCCN3C(=O)[C@H](Cc4ccc(O)cc4)NC2=O)C(=O)O,P05556
OC(=O)[C@H]1C2CCC(CC2)[C@@H]1NC(=O)[C@@H]3CCCN3S(=O)(=O)c4cc(Cl)cc(Cl)c4,P05556
Cn1cc(c2oc3c(F)c(CC(=O)N4C[C@@H](F)C[C@H]4CO[C@@H]5CC[C@H](CC5)C(=O)O)ccc3n2)c6cc(F)ccc16,P05556
Cn1cc(c2oc3c(F)c(CC(=O)N4C[C@@H](F)C[C@H]4CO[C@@H]5CC[C@H](CC5)C(=O)O)ccc3n2)c6ccccc16,P05556
OC(=O)[C@H](Cc1ccc(cc1)N2C(=O)CCC2=O)NC(=O)[C@@H]3CCC(=O)N3Cc4ccccc4,P05556
COCCC1(CCCC1)C(=O)N[C@@H](Cc2ccc(NC(=O)c3c(Cl)cccc3Cl)cc2)C(=O)O,P05556
Cc1ccccc1Nc2oc3c(F)c(CC(=O)N4C[C@@H](F)C[C@H]4CO[C@@H]5CC[C@H](CC5)C(=O)O)ccc3n2,P05556
OC(=O)[C@H](Cc1ccc(NC(=O)c2c(Cl)cncc2Cl)cc1)NC(=O)[C@@H]3C[C@H](CN3S(=O)(=O)c4cccc(c4)C#N)N5CCOCC5,P05556
CN1N=CC(=C(C1=O)c2ccc(C[C@H](NC(=O)c3c(Cl)cccc3Cl)C(=O)O)cc2)OCCO,P26010
Cn1cc(c2oc3cc(CC(=O)N4C[C@@H](F)C[C@H]4CO[C@@H]5CC[C@H](CC5)C(=O)O)ccc3n2)c6ccc(F)cc16,P05556
OC(=O)[C@H](Cc1ccc(NC(=O)c2c(Cl)cncc2Cl)cc1)NC(=O)[C@@H]3C[C@H](CN3S(=O)(=O)c4cccc(c4)C#N)N5CCC(F)(F)C5,P05556
CC(C)C[C@H](NC(=O)Cc1ccc(NC(=O)Nc2ccccc2C)cc1)c3ncc(CCC(=O)O)s3,P05556
OC(=O)[C@H](Cc1ccc2oc(nc2c1)c3c(Cl)cccc3Cl)NC(=O)[C@@H]4CCN4S(=O)(=O)c5cc(Cl)cc(Cl)c5,P05556
C[C@]1(CCCN1S(=O)(=O)c2cc(Cl)cc(Cl)c2)C(=O)N[C@@H](Cc3ccc(I)cc3)C(=O)O,P26010
OC(=O)[C@H](Cc1ccc(NC(=O)c2c(Cl)cncc2Cl)cc1)Nc3cc(ncn3)S(=O)(=O)Cc4ccccc4,P05556
COC1=C(C(=O)N(N=C1)C2CCCCC2)c3ccc(C[C@H](NC(=O)c4c(Cl)cccc4Cl)C(=O)O)cc3,P26010
OC(=O)[C@@H]1CC[C@H](CC1)OC[C@@H]2C[C@H](F)CN2C(=O)Cc3ccc(Nc4nc5ccc(Cl)cc5s4)c(Cl)c3,P05556
Cc1ccccc1NC(=O)Nc2ccc(CC(=O)Nc3ccc4cnn(C(=O)NCC(=O)O)c4c3)cc2,P05556
CC(=O)N[C@@H](Cc1ccc(O)cc1)C(=O)N[C@H]2CSSC[C@H](NC(=O)C3CCCN3C(=O)[C@H](CC(=O)O)NC2=O)C(=O)O,P05556
COc1cccc(OC)c1c2ccc(C[C@@H](CN3OC(=O)NC3=O)NC(=O)[C@@H]4CCCN4S(=O)(=O)c5cc(Cl)cc(Cl)c5)cc2,P05556
C[n+]1ccc(C(=O)Nc2ccc(C[C@H](NC(=O)[C@]3(C)CCCN3S(=O)(=O)c4cc(Cl)cc(Cl)c4)C(=O)O)cc2)c(Cl)c1,P05556
CO[C@H]1C[C@@H](CO[C@@H]2CC[C@H](CC2)C(=O)O)N(C1)C(=O)Cc3cc(Cl)c(NC(=O)c4cn(C)c5ccccc45)cc3F,P05556
OC(=O)[C@H](Cc1ccc(NC(=O)c2c(Cl)cccc2Cl)cc1)NC(=O)C3(CCNC(=O)C(F)(F)F)CCCC3,P05556
COc1ccccc1c2ccc(C[C@H](NC(=O)C3(C)CCCS3(=O)=O)C(=O)O)cc2,P26010
OC(=O)[C@H](Cc1ccc(NC(=O)c2c(Cl)cncc2Cl)cc1)NC(=O)[C@@H]3C[C@H](CN3S(=O)(=O)c4cccc(c4)C#N)n5ncnn5,P05556
C[C@@]1(CCCO1)C(=O)N[C@@H](Cc2ccc(cc2)N3C=CN(Cc4ccccc4)C3=O)C(=O)O,P05556
OC(=O)[C@@H]1CC[C@H](CC1)OC[C@@H]2C[C@H](F)CN2C(=O)Cc3ccc(Nc4nc5cc(F)ccc5s4)c(Cl)c3,P05556
OC(=O)[C@H](Cc1ccc(cc1)N2C(=O)CCC(C2=O)c3ccccc3)NC(=O)[C@@H]4CCC(=O)N4Cc5ccccc5,P05556
COc1cccc(OC)c1c2ccc(C[C@H](NC(=O)[C@]3(CCCO3)c4oc5ccccc5n4)C(=O)O)cc2,P26010
CN1N=CC(=C(C1=O)c2ccc(C[C@H](NC(=O)c3c(Cl)cccc3Cl)C(=O)O)cc2)c4ccsc4,P26010
CC(C)C[C@H](NC(=O)Cc1ccc(NC(=O)c2ccccc2)cc1)C(=O)N[C@@H](CC(=O)O)C(=O)N[C@@H](C(C)C)C(=O)O,P05556
C[C@]1(CCCN1S(=O)(=O)c2cc(Cl)cc(Cl)c2)C(=O)N[C@@H](Cc3ccc(cc3)c4cccc5cc[nH]c45)C(=O)O,P26010
OC(=O)CN(CC(=O)N[C@@H](Cc1ccc(OCc2c(Cl)cccc2Cl)cc1)C(=O)O)S(=O)(=O)c3ccccc3,P05556
N[C@@H](Cc1ccc(O)cc1)C(=O)N\C\2=C\CCC[C@H](NC(=O)C3(CCCC3)CCNC2=O)C(=O)O,P05556
OC(=O)[C@@H]1CC[C@H](CC1)OC[C@@H]2C[C@H](F)CN2C(=O)Cc3ccc(Nc4nc5ccc(F)cc5s4)c(Cl)c3,P05556
COc1cccc(OC)c1c2ccc(C[C@H](NC(=O)[C@@]3(CCO)CCCO3)C(=O)O)cc2,P26010
CC(C)C[C@H](NC(=O)Cc1ccc(NC(=O)Nc2ccccc2C)cc1)C3=NOC(CCC(=O)O)(CCC(=O)O)C3,P05556
CC(C)c1cccc(C(C)C)c1C(=O)N[C@@H](Cc2ccc(NC(=O)c3c(Cl)cccc3Cl)cc2)C(=O)O,P05556
OC[C@@H]1NC(=O)[C@H](CSSC[C@H](NC(=O)[C@@H]2CCCN2C1=O)C(=O)O)NC(=O)c3ccccc3,P05556
CSc1ccccc1c2ccc(C[C@H](NC(=O)[C@]3(C)CCCN3S(=O)(=O)c4cc(Cl)cc(Cl)c4)C(=O)O)cc2,P26010
COCCCC[C@@]1(CCCO1)C(=O)N[C@@H](Cc2ccc(cc2)c3c(OC)cccc3OC)C(=O)O,P05556
C[C@@H]1NC(=O)[C@H](CSSC[C@H](NC(=O)[C@@H]2CC3CCCCC3N2C1=O)C(=O)O)NC(=O)[C@@H](N)Cc4ccc(O)cc4,P05556
COc1cccc(NC(Cc2ccc(cc2)c3c(OC)cccc3OC)C(=O)O)n1,P05556
COc1ccc(cc1)C(=O)NCCC2(CCCC2)C(=O)N[C@@H](Cc3ccc(NC(=O)c4c(Cl)cccc4Cl)cc3)C(=O)O,P05556
C[C@]1(CCCN1S(=O)(=O)c2cc(Cl)cc(Cl)c2)C(=O)N[C@@H](Cc3ccc(cc3)c4nccs4)C(=O)O,P26010
COC1=C(C(=O)N(C)N=C1)c2ccc(C[C@H](NC(=O)c3c(Cl)cccc3Cl)c4nnn[nH]4)cc2,P26010
OC(=O)[C@H](Cc1cccc2ccccc12)NC(=O)[C@@H]3CCC(=O)N3Cc4ccccc4,P05556
OC(=O)[C@H](Cc1ccc(NC(=O)c2c(Cl)cncc2Cl)cc1)NC(=O)[C@@H]3C[C@H](CN3S(=O)(=O)c4cccc(c4)C#N)N5CCC(F)CC5,P05556
CN1N=CC=C(C1=O)c2ccc(C[C@H](NC(=O)c3c(Cl)cccc3Cl)C(=O)O)cc2,P26010
COc1ccccc1c2ccc(C[C@H](NC(=O)C3(CCN(CC3)C(=O)C)c4cccnc4)C(=O)O)cc2,P26010
COC1=C(C(=O)N(C)N=C1)c2ccc(C[C@H](NC(=O)c3c(Cl)cccc3Cl)C(=O)NS(=O)(=O)C)cc2,P26010
COc1ccccc1c2ccc(C[C@H](NC(=O)C3(CCNCC3)c4cccnc4)C(=O)O)cc2,P26010
CSCCCCC1(CCCC1)C(=O)N[C@@H](Cc2ccc(NC(=O)c3c(Cl)cccc3Cl)cc2)C(=O)O,P05556
C[C@]1(CCCN1S(=O)(=O)c2cc(Cl)cc(Cl)c2)C(=O)N[C@@H](Cc3ccc(O)cc3)C(=O)O,P05556
COc1cccc(OC)c1c2ccc(C[C@H](NC(=O)[C@]3(CCCO3)c4ccc(Cl)cc4)C(=O)O)cc2,P26010
CCCCCOc1ccc(C[C@H](NC(=O)[C@@H]2CCC(=O)N2Cc3ccccc3)C(=O)O)cc1,P05556
CC(C)C[C@H](NC(=O)Cc1ccc(NC(=O)Nc2ccccc2C)cc1)C(=O)N[C@@H](CC(=O)O)C(=O)N[C@@H](C(C)C)C(=O)O,P05556
CNc1ccccc1C(=O)N[C@@H](Cc2ccc(NC(=O)c3c(Cl)cccc3Cl)cc2)C(=O)O,P05556
COc1ccccc1c2ccc(C[C@H](NC(=O)C3(CCCCC3)S(=O)(=O)c4ccc(Cl)cc4)C(=O)O)cc2,P26010
OC(=O)CN(CC(=O)N[C@@H](Cc1ccc(OCc2c(Cl)cccc2Cl)cc1)C(=O)O)S(=O)(=O)c3cccs3,P05556
OC(=O)[C@H](Cc1ccc(NC(=O)c2ccccc2[N+](=O)[O-])cc1)NC(=O)C3CCC(=O)N3Cc4ccccc4,P05556
CN1N=CC(=C(C1=O)c2ccc(C[C@H](NC(=O)c3c(Cl)cccc3Cl)C(=O)O)cc2)OC4CCCCC4,P05556
COc1cccc(OC)c1c2ccc(C[C@H](\N=C(/N)\[C@@H]3CCN3S(=O)(=O)c4ccccc4)C(=O)O)cc2,P26010
CC(=O)N1CC[C@@H]([C@@H]1C(=O)N[C@H]2CSSC[C@H](NC(=O)[C@@H]3CCCN3C(=O)[C@H](CO)NC2=O)C(=O)O)c4ccc(O)cc4,P05556
FC(F)(F)c1ccc(\C=C/2\C(=O)NC(=O)N(C2=O)c3ccccc3)cc1,P26010
Oc1onc(n1)[C@H](Cc2ccc(NC(=O)c3c(Cl)cncc3Cl)cc2)NC(=O)[C@@H]4CCCN4S(=O)(=O)c5cc(Cl)cc(Cl)c5,P05556
COc1cccc(OC)c1c2ccc(CC(Nc3ccc(cn3)C(F)(F)F)C(=O)O)cc2,P05556
C[C@]1(CCCN1S(=O)(=O)c2cc(Cl)cc(Cl)c2)C(=O)N[C@@H](Cc3ccccc3Cl)C(=O)O,P26010
CC(C)C[C@H](NC(=O)Cc1ccc(NC(=O)Nc2ccccc2C)cc1)C(=O)N3CCC(CC(=O)O)CC3,P05556
OC(=O)[C@H](Cc1ccc(cc1)c2cccc(CNCCc3ccc(O)cc3)c2)NC(=O)c4ccccc4Cl,P26010
OC(=O)[C@H](Cc1ccc(cc1)N2C(=O)CC3(CCCC3)CC2=O)NC(=O)[C@@H]4CCC(=O)N4Cc5ccccc5,P05556
NC(=O)NCCC1(CCCC1)C(=O)N[C@@H](Cc2ccc(NC(=O)c3c(Cl)cccc3Cl)cc2)C(=O)O,P05556
OC(=O)[C@H](Cc1ccc(NC(=O)c2c(Cl)cccc2Cl)cc1)NC(=O)C3(CCN=[N+]=[N-])CCCC3,P05556
COc1ccccc1c2ccc(C[C@H](NC(=O)C3(CCCC3)S(=O)(=O)c4ccccc4)C(=O)O)cc2,P26010
Cc1ccccc1NC(=O)Nc2ccc(CC(=O)Nc3nnc(SCC(=O)O)s3)cc2,P05556
COc1ccccc1c2ccc(C[C@H](NC(=O)C3(CCN(C)CC3)S(=O)(=O)c4ccccc4)C(=O)O)cc2,P26010
C[C@]1(CCCN1S(=O)(=O)c2cc(Cl)cc(Cl)c2)C(=O)N[C@H](Cc3ccccc3)C(=O)O,P26010
CC(C)C[C@H](NC(=O)Cc1ccc(NC(=O)Nc2ccccc2C)cc1)c3oc(CCC(=O)O)cn3,P05556
COC1=C(C(=O)N(C)N=C1)c2ccc(C[C@H](NC(=O)N3CCCCC3C)C(=O)O)cc2,P26010
CC(=O)NCCC1(CCCC1)C(=O)N[C@@H](Cc2ccc(NC(=O)c3c(Cl)cccc3Cl)cc2)C(=O)O,P05556
OC(=O)[C@@H]1CC[C@H](CC1)OC[C@@H]2C[C@H](F)CN2C(=O)Cc3ccc4nc(oc4c3)c5ccccc5,P05556
CC(C)C[C@H](NC(=O)Cc1ccc(O)cc1)C(=O)N[C@@H](CC(=O)O)C(=O)N[C@@H](C(C)C)C(=O)O,P05556
CC(C)C[C@@H](CC(=O)N[C@@H](CC(=O)O)c1ccccc1)NC(=O)Cc2ccc(NC(=O)Nc3ccccc3C)cc2,P05556
COc1cccc(OC)c1c2ccc(C[C@H](NC(=O)C3(CCCC3)S(=O)(=O)c4ccccc4)C(=O)O)cc2,P26010
C[C@@H](O)[C@@H]1NC(=O)[C@H](CSSC[C@H](NC(=O)[C@@H]2CCCN2C1=O)C(=O)O)NC(=O)[C@H](Cc3ccc(O)cc3)NC(=O)C,P05556
CC(C)(C)C(=O)N\C(=C\c1ccc(NC(=O)c2c(Cl)cccc2Cl)cc1)\C(=O)O,P05556
COc1cccc(OC)c1COc2ccc(C[C@H](NC(=O)[C@H]3CSCN3C(=O)C)C(=O)O)cc2,P05556
OC(=O)[C@H](Cc1ccc(NC(=O)c2c(Cl)cncc2Cl)cc1)Nc3ccc(cn3)[N+](=O)[O-],P05556
Cn1cc(c2oc3cc(CC(=O)N4C[C@@H](F)C[C@H]4CO[C@@H]5CC[C@H](CC5)C(=O)O)ccc3n2)c6ccccc16,P05556
COC1=C(C(=O)N(Cc2ccccc2)N=C1)c3ccc(C[C@H](NC(=O)c4c(Cl)cccc4Cl)C(=O)O)cc3,P26010
CC(=O)N1CSC[C@H]1C(=O)N\C(=C/c2ccc(OCc3ccccc3)cc2)\C(=O)O,P05556
C[C@]1(CCCN1S(=O)(=O)c2cc(Cl)cc(Cl)c2)C(=O)N[C@@H](Cc3ccc(NC(=O)C4=C(Cl)CC(=O)N=C4Cl)cc3)C(=O)O,P05556
OC(=O)[C@H](Cc1ccc(cc1)c2ccccc2)NC(=O)C3(CCCC3)S(=O)(=O)c4ccccc4Br,P26010
OC(=O)[C@@H]1CC[C@H](CC1)OC[C@@H]2C[C@H](F)CN2C(=O)Cc3cc(Cl)c(Nc4nc5ccccc5s4)cc3F,P05556
OC(=O)[C@H](Cc1ccc(O)cc1)NC(=O)[C@@H]2CCCN2S(=O)(=O)c3cc(Cl)cc(Cl)c3,P05556
OC(=O)C[C@@H](NC(=O)[C@@H]1CCN1S(=O)(=O)c2cc(Cl)cc(Cl)c2)c3ccc(OC(F)F)cc3,P05556
COc1cccc(OC)c1c2ccc(C[C@H](NC(=O)[C@]3(CCCO3)C(C)C)C(=O)O)cc2,P26010
OC(=O)[C@H](Cc1ccc(cc1)N2CCN(CC2)c3cnccn3)NC(=O)[C@@H]4CCCN4S(=O)(=O)c5ccccc5,P05556
CC(=O)N1CSC[C@H]1C(=O)N[C@@H](CSCCCNC(=O)C23CC4CC(CC(C4)C2)C3)C(=O)O,P05556
COc1ccccc1c2ccc(C[C@H](NC(=O)C3(CCCC3)S(=O)(=O)C(C)(C)C)C(=O)O)cc2,P26010
Cc1ccccc1NC(=O)Nc2ccc(CC(=O)N(CC(=O)NC(CC(=O)O)c3ccccc3)C4CCCCC4)cc2,P05556
OC(=O)[C@H](Cc1ccc2oc(nc2c1)c3c(Cl)cccc3Cl)NC(=O)c4c(Cl)cccc4Cl,P05556
OC(=O)[C@H](Cc1ccc(NC(=O)c2c(Cl)cncc2Cl)cc1)NC(=O)[C@@H]3C[C@H](CN3S(=O)(=O)c4cccc(c4)C#N)NC5CCC5,P05556
OC(=O)[C@H](Cc1ccc2[nH]c(nc2c1)c3c(Cl)cccc3Cl)NC(=O)[C@@H]4CCN4S(=O)(=O)c5cc(Cl)cc(Cl)c5,P05556
CC(C)C(N(C)S(=O)(=O)c1cc(Cl)cc(Cl)c1)c2nc(Cc3ccc4ccccc4c3)c([nH]2)C(=O)O,P05556
Cc1ccc(cc1)S(=O)(=O)N2CCC[C@H]2C(=O)N[C@@H](Cc3ccc(cc3)N4CCN(CC4)c5cccc(C)c5C)C(=O)O,P05556
O=C1NC(=O)\C(=C\c2c[nH]c3ccccc23)\C(=O)N1c4ccccc4c5ccccc5,P26010
CSc1cnccc1C(=O)Nc2ccc(C[C@H](NC(=O)[C@]3(C)CCCN3S(=O)(=O)c4cc(Cl)cc(Cl)c4)C(=O)O)cc2,P05556
CCc1cc(CC(=O)N2C[C@@H](F)C[C@H]2COc3ccc(cc3)C(=O)O)ccc1NC(=O)Nc4ccccc4C,P05556
C[C@]1(CCCN1S(=O)(=O)c2cc(Cl)cc(Cl)c2)C(=O)N[C@@H](Cc3ccc(cc3)C(F)(F)F)C(=O)O,P26010
CN(C)C(=O)Oc1ccc(C[C@H](Nc2ncncc2c3ccccc3F)C(=O)O)cc1,P05556
COc1ccccc1c2ccc(C[C@H](NC(=O)C3(CCCC3)S(=O)(=O)c4nccn4C)C(=O)O)cc2,P26010
COc1ccccc1c2ccc(C[C@H](NC(=O)[C@@H]3CCCN3)C(=O)O)cc2,P05556
COc1ccccc1c2ccc(C[C@H](NC(=O)C3(CCCCC3)S(=O)(=O)c4cccc(C)c4)C(=O)O)cc2,P26010
CCN(CC)C(=O)Oc1ccc(C[C@H](NC(=O)[C@]2(C)CCCN2S(=O)(=O)c3cc(Cl)cc(Cl)c3)C(=O)O)cc1,P26010
OC(=O)[C@H](Cc1ccc(cc1)c2ccc(CNCCc3ccc(O)cc3)cc2)NC(=O)c4ccccc4Cl,P26010
COc1cccc(OC)c1c2ccc(C[C@H](NC(=O)[C@@H]3CCCN3c4ccccc4C#N)C(=O)O)cc2,P26010
C[S+]([O-])CCC1(CCCC1)C(=O)N[C@@H](Cc2ccc(NC(=O)c3c(Cl)cccc3Cl)cc2)C(=O)O,P05556
OC(=O)[C@H](Cc1ccc(NC(=O)c2ccnc3ccccc23)cc1)NC(=O)C4(CCCC4)c5ccccc5,P05556
COCCCN(CC(=O)N[C@@H](CC(=O)O)\C=C\C)C(=O)Cc1ccc(NC(=O)Nc2ccccc2C)cc1,P05556
CCN(CC)c1ncc(c(N[C@@H](Cc2ccc(OC(=O)N(C)C)cc2)C(=O)O)n1)c3ccccc3C,P05556
CN1N=CC(=C(C1=O)c2ccc(C[C@H](NC(=O)c3c(Cl)cccc3Cl)C(=O)O)cc2)N,P26010
CN(C)C(=O)Oc1ccc(C[C@H](Nc2ncncc2c3c(F)cccc3F)C(=O)O)cc1,P05556
CC(=O)N[C@@H](Cc1ccc(O)cc1)C(=O)N[C@H]2CSSC[C@H](NC(=O)[C@@H]3CCCN3C(=O)[C@H](CO)NC2=O)C(=O)O,P05556
Oc1cc(on1)[C@H](Cc2ccc(NC(=O)c3c(Cl)cncc3Cl)cc2)NC(=O)[C@@H]4CCCN4S(=O)(=O)c5cc(Cl)cc(Cl)c5,P05556
COc1ccccc1c2ccc(C[C@H](NC(=O)C3(CCNCC3)S(=O)(=O)c4ccccc4)C(=O)O)cc2,P26010
OC(=O)C1=Cc2ccc(NC(=O)c3c(Cl)cncc3Cl)cc2NC(=N1)c4cccnc4Cl,P05556
COc1ccc(Br)c(c1)C(=O)N[C@@H](Cc2ccc(NC(=O)c3c(Cl)cccc3Cl)cc2)C(=O)O,P05556
OC(=O)[C@H](Cc1ccc(NC(=O)c2c(Cl)cncc2Cl)cc1)NC(=O)[C@@H]3C[C@H](CN3S(=O)(=O)c4cc(Cl)cc(Cl)c4)N5CCC5,P05556
CC(=O)N1CSC[C@H]1C(=O)N[C@@H](Cc2ccc(OCc3ccccc3)cc2)C(=O)O,P05556
OC(=O)[C@H](Cc1ccc(NC(=O)c2c(Cl)cccc2Cl)cc1)NC(=O)C3(CCCNC3)S(=O)(=O)c4ccccc4,P05556
Cc1ccccc1NC(=O)Nc2ccc(CC(=O)\N=C(\NCCC(=O)O)/SC(=C)c3ccccc3)cc2,P05556
CCCN(C)C1=C(N[C@@H](Cc2ccc(NC(=O)c3c(Cl)cncc3Cl)cc2)C(=O)O)C(=O)C1=O,P05556
Cc1onc(C)c1C(=O)N[C@@H](Cc2ccc(NC(=O)c3c(Cl)cccc3Cl)cc2)C(=O)O,P05556
Cc1ccc(cc1)S(=O)(=O)N2CCC[C@H]2C(=O)N[C@@H](Cc3ccc(cc3)N4CCN(CC4)c5ncccn5)C(=O)O,P05556
CCCc1cccc(C)c1C(=O)N[C@@H](Cc2ccc(NC(=O)c3c(Cl)cccc3Cl)cc2)C(=O)O,P05556
CC(C)C[C@@H](NC(=O)Cc1ccc(NC(=O)Nc2ccccc2C)cc1)C(=O)N(CCC(=O)O)CCc3ccccc3,P05556
CN(C)CCC1(CCCC1)C(=O)N[C@@H](Cc2ccc(NC(=O)c3c(Cl)cccc3Cl)cc2)C(=O)O,P05556
OC(=O)[C@H](Cc1ccc2oc(nc2c1)c3c(Cl)cccc3Cl)NC(=O)c4c(Cl)cncc4Cl,P05556
COc1cc(CC(=O)N2C[C@@H](F)C[C@H]2COc3ccc(cc3)C(=O)O)ccc1NC(=O)Nc4ccccc4Br,P05556
COc1cccc(OC)c1c2ccc(C[C@H](OC(=O)[C@@H]3CCN3S(=O)(=O)c4cc(Cl)cc(Cl)c4)C(=O)O)cc2,P26010
CN(C)C(=O)Oc1ccc(C[C@H](Nc2ncncc2c3cccc(c3)[N+](=O)[O-])C(=O)O)cc1,P05556
CC(=O)N[C@H](Cc1ccc(O)cc1)C(=O)Nc2ccc(C[C@H](NC(=O)[C@@H]3CCC(=O)N3Cc4ccccc4)C(=O)O)cc2,P05556
COc1ccccc1c2ccc(C[C@H](NC(=O)C3(CCOCC3)c4cccnc4)C(=O)O)cc2,P26010
CC(C)C[C@H](NC(=O)Cc1ccc(NC(=O)Nc2ccccc2C)cc1)C(=O)N[C@@H](CC(=O)O)C(=O)O,P05556
OC(=O)[C@H](Cc1ccc(NS(=O)(=O)c2ccc(cc2)[N+](=O)[O-])cc1)NC(=O)[C@@H]3CCC(=O)N3Cc4ccccc4,P05556
CCc1cccc(C)c1C(=O)N[C@@H](Cc2ccc(NC(=O)c3c(Cl)cccc3Cl)cc2)C(=O)O,P05556
CC(C)C[C@H](NC(=O)Cc1ccc(NC(=O)Nc2ccccc2C)cc1)C(=O)N3CCC(CC3)C(=O)O,P05556
CN(C)C(=O)Oc1ccc(C[C@H](Nc2ncncc2c3ccncc3)C(=O)O)cc1,P05556
COc1ccc(CC2(CCCC2)C(=O)N[C@@H](Cc3ccc(NC(=O)c4c(Cl)cccc4Cl)cc3)C(=O)O)cc1,P05556
OC(=O)[C@H](Cc1ccc(NC(=O)c2c(Cl)cncc2Cl)cc1)NC(=O)[C@@H]3C[C@H](CN3S(=O)(=O)c4cccc(c4)C#N)N5CC[C@@H](F)C5,P05556
OC(=O)[C@H](Cc1ccc(NC(=O)c2c(Cl)cccc2Cl)cc1)NC(=O)c3ccc(O)cc3Cl,P05556
CC(C)CS(=O)(=O)c1nc(N[C@@H](Cc2ccc(NC(=O)c3c(Cl)cncc3Cl)cc2)C(=O)O)cc(n1)C(=O)O,P05556
OC(=O)[C@H](Cc1ccc(NC(=O)c2c(Cl)cncc2Cl)cc1)NC(=O)[C@@H]3C[C@H](CN3S(=O)(=O)c4cccc(c4)C#N)N5CCCCC5,P05556
CN1N=CC(=C(C1=O)c2ccc(C[C@H](NC(=O)c3c(Cl)cccc3Cl)C(=O)O)cc2)OC(F)F,P26010
COc1cccc(OC)c1c2ccc(CC(Nc3ccc(cc3)[N+](=O)[O-])C(=O)O)cc2,P05556
COc1cccc(OC)c1c2ccc(C[C@H](NC(=O)[C@@H]3CCCN3c4ccccn4)C(=O)O)cc2,P26010
COc1cc(CC(=O)N2CC=CC2C(=O)N3CCN(CC(=O)O)CC3)ccc1NC(=O)Nc4ccccc4C,P05556
OC(=O)[C@H](Cc1ccc(cc1)c2ccccc2CNCCc3ccc(O)cc3)NC(=O)c4ccccc4Cl,P26010
CC(CC(=O)O)c1cccc(NC(=O)Cc2ccc(NC(=O)Nc3ccccc3C)cc2)c1,P05556
CN1N=CC(=C(C1=O)c2ccc(C[C@H](NC(=O)c3c(Cl)cccc3Cl)C(=O)O)cc2)N4CCCC4,P26010
OC(=O)[C@H](Cc1ccc(NC(=O)c2c(Cl)cncc2Cl)cc1)\N=C\3/C(=O)C(=C3N4CCNCC4)O,P05556
COc1ccccc1C(=O)N[C@@H](Cc2ccc(NC(=O)c3c(Cl)cccc3Cl)cc2)C(=O)O,P05556
Cc1cc(CC(=O)N2C[C@@H](F)C[C@H]2COc3ccc(cc3)C(=O)O)ccc1NC(=O)Nc4ccccc4Br,P05556
Cc1ccc(cc1C)[C@@]2(CCCO2)C(=O)N[C@@H](Cc3ccc(cc3)c4ccccc4O)C(=O)O,P05556
N[C@@H](CCCN=C(N)N)C(=O)N[C@H]1CSSC[C@H](NC(=O)[C@@H]2CCCN2C(=O)[C@H](CC(=O)O)NC1=O)C(=O)O,P05556
OC(=O)[C@H](Cc1ccc(NC(=O)c2nccc3ccccc23)cc1)NC(=O)C4(CCCC4)c5ccccc5,P05556
OC(=O)[C@H](Cc1ccc(NC(=O)c2c(Cl)cccc2Cl)cc1)NC(=O)c3ccccc3Br,P05556
COc1cccc(OC)c1c2ccc(C[C@H](NC(=O)[C@@]3(CCCN(C)C)CCCO3)C(=O)O)cc2,P26010
COc1nc(N[C@@H](Cc2ccc(NC(=O)c3c(Cl)cncc3Cl)cc2)C(=O)O)nc(Oc4ccccc4)n1,P05556
OC(=O)[C@H](Cc1ccc(NC(=O)c2c(Cl)cccc2Cl)cc1)NC(=O)C3(CCNC(=O)Nc4ccccc4)CCCC3,P05556
CC(C)c1nc(C)c(s1)C(=O)N[C@@H](Cc2ccc(NC(=O)c3c(Cl)cccc3Cl)cc2)C(=O)O,P05556
CCCCCCCCS(=O)(=O)C1(CCCC1)C(=O)N[C@@H](Cc2ccc(cc2)c3ccccc3)C(=O)O,P05556
OC(=O)[C@H](Cc1ccc(NC(=O)c2c(Cl)cncc2Cl)cc1)NC(=O)[C@@H]3CCCN3S(=O)(=O)c4ccccc4,P05556
OC(=O)[C@H](Cc1cc(F)cc(F)c1)NC(=O)[C@@H]2CCCN2S(=O)(=O)c3cc(Cl)cc(Cl)c3,P05556
CSc1ccccc1C(=O)N[C@@H](Cc2ccc(NC(=O)c3c(Cl)cccc3Cl)cc2)C(=O)O,P05556
OC(=O)[C@H](Cc1ccc(OCc2c(Cl)cccc2Cl)cc1)NC(=O)[C@@H]3OCO[C@H]3C(=O)Nc4nc5ccccc5s4,P05556
OC(=O)c1ccc(OC[C@@H]2C[C@H](F)CN2C(=O)Cc3ccc(NC(=O)Nc4ccccc4Cl)c(Br)c3)cc1,P05556
COc1ccccc1c2ccc(C[C@H](NC(=O)[C@]3(CCCO3)c4cccc(c4)C(F)(F)F)C(=O)O)cc2,P26010
OC(=O)c1ccc(OC[C@@H]2C[C@H](F)CN2C(=O)Cc3ccc(NC(=O)Nc4ccccc4Br)c(Br)c3)cc1,P05556
Cc1ccccc1NC(=O)Nc2ccc(CC(=O)N3CCCC3C(=O)N4CCC(CC(=O)O)CC4)cc2,P05556
OC(=O)[C@H](Cc1ccc(NC(=O)c2c(Cl)cncc2Cl)cc1)NC(=O)[C@@H]3C[C@H](CN3S(=O)(=O)c4cccc(c4)C#N)N5CCCC(F)C5,P05556
C[C@@]1(CCCN1S(=O)(=O)c2cc(Cl)cc(Cl)c2)C(=O)N[C@H](Cc3ccccc3)C(=O)O,P26010
OC(=O)[C@H](Cc1ccccc1)NC(=O)[C@@H]2CCCN2S(=O)(=O)c3cc(Cl)cc(Cl)c3,P05556
Cc1ccccc1Nc2oc3cc(CC(=O)N4C[C@@H](F)C[C@H]4C(=O)N5CCN(CC(=O)O)CC5)ccc3n2,P05556
OC(=O)[C@H](Cc1cccnc1)NC(=O)[C@@H]2CCCN2S(=O)(=O)c3cc(Cl)cc(Cl)c3,P05556
C[C@]1(CCCN1S(=O)(=O)c2cc(Cl)cc(Cl)c2)C(=O)N[C@@H](Cc3cccc(OC(=O)N4CCCC4)c3)C(=O)O,P26010
Cc1ccc(Cl)c(c1)C(=O)N[C@@H](Cc2ccc(NC(=O)c3c(Cl)cccc3Cl)cc2)C(=O)O,P05556
COc1ccccc1c2ccc(C[C@H](NC(=O)C3CCCS3(=O)=O)C(=O)O)cc2,P05556
CCCS(=O)(=O)c1nc(N[C@@H](Cc2ccc(NC(=O)c3c(Cl)cncc3Cl)cc2)C(=O)O)cc(n1)C(=O)O,P05556
CCCCCOc1ccc(C[C@H](NC(=O)c2c3ccccc3nc4ccccc24)C(=O)O)cc1,P05556
OC(=O)[C@H](Cc1ccc(NC(=O)c2c(Cl)cncc2Cl)cc1)NC(=O)[C@@H]3C[C@H](CN3S(=O)(=O)c4cccc(c4)C#N)N(CC(F)(F)F)C5CCC5,P05556
COc1cccc(OC)c1c2ccc(CC(NC(=O)C3(CCCC3)c4ccccc4)C(=O)O)cc2,P26010
COc1cc(CC(=O)N[C@@H](CC(C)C)c2cc(CCC(=O)O)on2)ccc1NC(=O)Nc3ccccc3C,P05556
OC(=O)[C@H](Cc1ccc(NC(=O)c2c(Cl)cccc2Cl)cc1)NC(=O)c3sccc3Br,P05556
OC(=O)[C@H](Cc1ccc(NC(=O)c2c(Cl)cccc2Cl)cc1)NC(=O)c3cccc(Cl)c3Cl,P05556
COc1cccc(OC)c1c2ccc(CC(Nc3ccccc3[N+](=O)[O-])C(=O)O)cc2,P05556
CC(C)c1cccc(C)c1C(=O)N[C@@H](Cc2ccc(NC(=O)c3c(Cl)cccc3Cl)cc2)C(=O)O,P05556
OC(=O)CC[C@H](NS(=O)(=O)c1ccc2ccccc2c1)C(=O)N[C@@H](Cc3ccc(OCc4c(Cl)cccc4Cl)cc3)C(=O)O,P05556
COC1=C(C(=O)N(C)N=C1)c2ccc(C[C@H](NC(=O)c3c(Cl)cccc3Cl)C(=O)NO)cc2,P26010
CCCCN1CCC(CC1)(C(=O)N[C@@H](Cc2ccc(cc2)c3ccccc3OC)C(=O)O)S(=O)(=O)c4ccccc4,P26010
CC(C)c1cc(CC(=O)N2C[C@@H](F)C[C@H]2COc3ccc(cc3)C(=O)O)ccc1NC(=O)Nc4ccccc4C,P05556
COc1ccccc1c2ccc(C[C@H](NC(=O)C3(CCCCC3)S(=O)(=O)c4ccc(C)cc4)C(=O)O)cc2,P26010
CC1CNC(=O)[C@H](CSSC[C@H](NC1=O)C(=O)O)NC(=O)[C@@H](N)Cc2ccc(O)cc2,P05556
OC(=O)[C@H](Cc1ccc(NC(=O)c2c(Cl)cccc2Cl)cc1)NC(=O)c3cc(ccc3Cl)C(F)(F)F,P05556
Cc1cc(NC(=O)Nc2ccccc2Cl)c(Cl)cc1CC(=O)N3C[C@@H](F)C[C@H]3COc4ccc(cc4)C(=O)O,P05556
Cc1ccccc1NC(=O)Nc2cc(F)c(CC(=O)N3C[C@@H](F)C[C@H]3COc4ccc(cc4)C(=O)O)cc2Cl,P05556
Cc1ccccc1NC(=O)Nc2cc(Cl)c(CC(=O)N3C[C@@H](F)C[C@H]3COc4ccc(cc4)C(=O)O)cc2Cl,P05556
OC(=O)c1ccc(OC[C@@H]2C[C@H](F)CN2C(=O)Cc3cc(Cl)c(NC(=O)Nc4ccccc4Br)cc3F)cc1,P05556
OC(=O)c1ccc(OC[C@@H]2C[C@H](F)CN2C(=O)Cc3cc(Cl)c(NC(=O)Nc4ccccc4Cl)cc3F)cc1,P05556
Cc1c(F)cccc1NC(=O)Nc2ccc(CC(=O)N3C[C@@H](F)C[C@H]3COc4ccc(cc4)C(=O)O)cc2Cl,P05556
Cc1ccc(F)cc1NC(=O)Nc2ccc(CC(=O)N3C[C@@H](F)C[C@H]3COc4ccc(cc4)C(=O)O)cc2Cl,P05556
OC(=O)[C@H](Cc1ccc(cc1)N2CCN(CC2)c3c(cccc3C#N)C#N)NC(=O)[C@@H]4CCCN4S(=O)(=O)c5ccccc5,P05556
COc1ccccc1N2CCN(CC2)c3ccc(C[C@H](NC(=O)[C@@H]4CCCN4S(=O)(=O)c5ccc(C)cc5)C(=O)O)cc3,P05556
CCNC(=O)N1CCN(CC1)c2ccc(C[C@H](NC(=O)[C@@H]3CCCN3S(=O)(=O)c4ccccc4)C(=O)O)cc2,P05556
Cc1ccc(cc1)S(=O)(=O)N2CSC[C@@H]2C(=O)N[C@@H](Cc3ccc(cc3)N4CCN(CC4)c5ccccc5)C(=O)O,P05556
OC(=O)[C@H](Cc1ccc(cc1)N2CCN(CC2)c3ccccc3)NC(=O)c4c(Cl)cncc4Cl,P05556
OC(=O)[C@H](Cc1ccc(cc1)N2CCN(CC2)C(=O)C3CC3)NC(=O)[C@@H]4CCCN4S(=O)(=O)c5ccccc5,P05556
COc1ccc(cc1)N2CCN(CC2)c3ccc(C[C@H](NC(=O)[C@@H]4CCCN4S(=O)(=O)c5ccc(C)cc5)C(=O)O)cc3,P05556
OC(=O)[C@H](Cc1ccc(cc1)N2CCN(CC2)c3ccccc3)NC(=O)c4c(F)cccc4F,P05556
Cc1ccc(cc1)S(=O)(=O)N2CCC[C@H]2C(=O)N[C@@H](Cc3ccc(cc3)N4CCN(CC4)c5ccccc5C#N)C(=O)O,P05556
OC(=O)[C@H](Cc1ccc(cc1)N2CCN(CC2)c3ccc(cc3)C#N)NC(=O)[C@@H]4CCCN4S(=O)(=O)c5ccccc5,P05556
OC(=O)[C@H](Cc1ccc(cc1)c2ccccc2CNCCc3ccccc3)NC(=O)c4ccccc4Cl,P26010
OC(=O)[C@H](Cc1ccc(OC(=O)NCCc2ccccc2)cc1)NC(=O)c3ccccc3Cl,P26010
COc1ccccc1c2ccc(C[C@H](NC(=O)c3ccccc3Cl)C(=O)O)cc2,P26010
OC(=O)[C@H](Cc1ccc(OC(=O)NCC=C)cc1)NC(=O)c2ccccc2Cl,P26010
CN(C)Cc1ccccc1c2ccc(C[C@H](NC(=O)c3ccccc3Cl)C(=O)O)cc2,P26010
O=C1NC(=O)\C(=C\c2ccccc2)\C(=O)N1c3ccccc3,P26010
O=C1NC(=O)\C(=C\c2occc2)\C(=O)N1c3ccccc3,P26010
O=C1NC(=O)\C(=C\c2c[nH]c3ccccc23)\C(=O)N1c4cccc5ccccc45,P26010
O=C1NC(=O)\C(=C\c2c[nH]c3ccccc23)\C(=O)N1c4ccccc4,P26010
Cc1ccccc1Nc2oc3cc(CC(=O)N4C[C@@H](F)C[C@H]4COCCCCCC(=O)O)ccc3n2,P05556
Cc1ccccc1Nc2oc3cc(CC(=O)N4C[C@@H](F)C[C@H]4COC5CCC(CC5)C(=O)O)ccc3n2,P05556
Cc1ccccc1Nc2oc3cc(CC(=O)N4C[C@@H](F)C[C@H]4COCCCCC(=O)O)ccc3n2,P05556
Cc1ccccc1Nc2oc3cc(CC(=O)N4C[C@@H](F)C[C@H]4COCCCC(=O)O)ccc3n2,P05556
Cc1ccccc1Nc2oc3cc(CC(=O)N4C[C@@H](F)C[C@H]4CO[C@@H]5CC[C@H](CC5)C(=O)O)ccc3n2,P05556
Cc1ccccc1Nc2oc3cc(CC(=O)N4C[C@@H](F)C[C@H]4COc5ccc(cc5)C(=O)O)ccc3n2,P05556
CCNC(=O)[C@@H]1OCO[C@H]1C(=O)N[C@@H](Cc2ccc(OCc3c(Cl)cccc3Cl)cc2)C(=O)O,P05556
OC(=O)[C@H](Cc1ccc(NC(=O)c2ccccc2)cc1)NC(=O)[C@@H]3OCO[C@H]3C(=O)Nc4ccccc4c5ccccc5,P05556
OC(=O)[C@H](Cc1ccc(OCc2c(Cl)cccc2Cl)cc1)NC(=O)[C@@H]3OCO[C@H]3C(=O)NCc4cccs4,P05556
OC(=O)[C@H](Cc1ccc(OCc2c(Cl)cccc2Cl)cc1)NC(=O)[C@@H]3OCO[C@H]3C(=O)Nc4ccccc4F,P05556
OC(=O)[C@H](Cc1ccc(OCc2c(Cl)cccc2Cl)cc1)NC(=O)[C@@H]3OCO[C@H]3C(=O)NCCc4c[nH]c5ccccc45,P05556
OC(=O)[C@H](Cc1ccc(OCc2c(Cl)cccc2Cl)cc1)NC(=O)[C@@H]3OCO[C@H]3C(=O)Nc4c(Cl)cccc4Cl,P05556
CN(C)C(=O)[C@@H]1OCO[C@H]1C(=O)N[C@@H](Cc2ccc(OCc3c(Cl)cccc3Cl)cc2)C(=O)O,P05556
OC(=O)[C@H](Cc1ccc(NC(=O)c2ccccn2)cc1)NC(=O)[C@@H]3OCO[C@H]3C(=O)Nc4ccccc4c5ccccc5,P05556
OC(=O)[C@H](Cc1ccc(OCc2c(Cl)cccc2Cl)cc1)NC(=O)[C@@H]3OCO[C@H]3C(=O)NC4CC4,P05556
COc1ccccc1NC(=O)[C@@H]2OCO[C@H]2C(=O)N[C@@H](Cc3ccc(OCc4c(Cl)cccc4Cl)cc3)C(=O)O,P05556
CC(C)(C)NC(=O)[C@@H]1OCO[C@H]1C(=O)N[C@@H](Cc2ccc(OCc3c(Cl)cccc3Cl)cc2)C(=O)O,P05556
OC(=O)[C@H](Cc1ccc(NC(=O)c2cc(Cl)nc(Cl)c2)cc1)NC(=O)[C@@H]3OCO[C@H]3C(=O)Nc4ccccc4c5ccccc5,P05556
OC(=O)[C@H](Cc1ccc(OCc2c(Cl)cccc2Cl)cc1)NC(=O)[C@@H]3OCO[C@H]3C(=O)Nc4ccc(Cl)cc4,P05556
CCCCCCCNC(=O)[C@@H]1OCO[C@H]1C(=O)N[C@@H](Cc2ccc(OCc3c(Cl)cccc3Cl)cc2)C(=O)O,P05556
OC(=O)[C@H](Cc1ccc(OCc2c(Cl)cccc2Cl)cc1)NC(=O)[C@@H]3OCO[C@H]3C(=O)Nc4ccccc4Cl,P05556
COc1ccccc1C(=O)Nc2ccc(C[C@H](NC(=O)[C@@H]3OCO[C@H]3C(=O)Nc4ccccc4c5ccccc5)C(=O)O)cc2,P05556
OC(=O)[C@H](Cc1ccc(NC(=O)c2c(Cl)cccc2Cl)cc1)NC(=O)[C@@H]3OCO[C@H]3C(=O)Nc4ccccc4c5ccccc5,P05556
OC(=O)[C@H](Cc1ccc(OCc2c(F)cccc2F)cc1)NC(=O)[C@@H]3OCO[C@H]3C(=O)Nc4ccccc4c5ccccc5,P05556
CNC(=O)[C@@H]1OCO[C@H]1C(=O)N[C@@H](Cc2ccc(OCc3c(Cl)cccc3Cl)cc2)C(=O)O,P05556
OC(=O)[C@H](Cc1ccc(OCc2c(Cl)cccc2Cl)cc1)NC(=O)[C@@H]3OCO[C@H]3C(=O)Nc4ccccc4C(F)(F)F,P05556
OC(=O)[C@H](Cc1ccc(NC(=O)c2cccnc2)cc1)NC(=O)[C@@H]3OCO[C@H]3C(=O)Nc4ccccc4c5ccccc5,P05556
OC(=O)[C@H](Cc1ccc(OCc2c(Cl)cccc2Cl)cc1)NC(=O)[C@@H]3OCO[C@H]3C(=O)Nc4ccccc4c5ccccc5,P05556
OC(=O)[C@H](Cc1ccc(OCc2c(Cl)cccc2Cl)cc1)NC(=O)[C@@H]3OCO[C@H]3C(=O)Nc4c(F)cccc4F,P05556
Cc1nnc(NC(=O)[C@@H]2OCO[C@H]2C(=O)N[C@@H](Cc3ccc(OCc4c(Cl)cccc4Cl)cc3)C(=O)O)s1,P05556
CC(C)(C)c1cc(NC(=O)[C@@H]2OCO[C@H]2C(=O)N[C@@H](Cc3ccc(OCc4c(Cl)cccc4Cl)cc3)C(=O)O)n(Cc5ccccc5)n1,P05556
OC(=O)[C@H](Cc1ccc(OCc2c(Cl)cccc2Cl)cc1)NC(=O)[C@@H]3OCO[C@H]3C(=O)Nc4c(Cl)cncc4Cl,P05556
OC(=O)[C@H](Cc1ccc(OCc2c(Cl)cccc2Cl)cc1)NC(=O)[C@@H]3OCO[C@H]3C(=O)NCc4ccc5OCOc5c4,P05556
OC(=O)[C@H](Cc1ccc(OCc2c(Cl)cccc2Cl)cc1)NC(=O)[C@@H]3OCO[C@H]3C(=O)N4CCOCC4,P05556
OC(=O)[C@H](Cc1ccc(OCc2ccccc2Cl)cc1)NC(=O)[C@@H]3OCO[C@H]3C(=O)Nc4ccccc4c5ccccc5,P05556
Cc1ccc(cc1)n2nc(cc2NC(=O)[C@@H]3OCO[C@H]3C(=O)N[C@@H](Cc4ccc(OCc5c(Cl)cccc5Cl)cc4)C(=O)O)C(C)(C)C,P05556
OC(=O)[C@H](Cc1ccc(OCc2c(Cl)cccc2Cl)cc1)NC(=O)[C@@H]3OCO[C@H]3C(=O)Nc4ccccc4,P05556
OC(=O)[C@H](Cc1ccc(NC(=O)c2c(Cl)cccc2Cl)cc1)NC(=O)[C@@H]3CCN3S(=O)(=O)c4cc(Cl)cc(Cl)c4,P05556
OC(=O)[C@H](Cc1ccc2[nH]c(nc2c1)c3c(Cl)cccc3Cl)NC(=O)c4c(Cl)cccc4Cl,P05556
C[C@]1(CCCN1S(=O)(=O)c2cc(Cl)cc(Cl)c2)C(=O)N[C@@H](Cc3ccc(cc3)c4c(O)cccc4O)C(=O)O,P26010
C[C@]1(CCCN1S(=O)(=O)c2cc(Cl)cc(Cl)c2)C(=O)N[C@@H](Cc3ccc(cc3)c4ccccc4Cl)C(=O)O,P26010
C[C@]1(CCCN1S(=O)(=O)c2cc(Cl)cc(Cl)c2)C(=O)N[C@@H](Cc3ccc(cc3)c4cccc(c4)C#N)C(=O)O,P26010
C[C@]1(CCCN1S(=O)(=O)c2cc(Cl)cc(Cl)c2)C(=O)N[C@@H](Cc3ccc(cc3)c4cc(ccc4F)C#N)C(=O)O,P26010
COc1cccc(OC)c1c2ccc(C[C@H](NC(=O)c3c(Cl)cccc3Cl)C(=O)O)cc2,P26010
COc1cccnc1c2ccc(C[C@H](NC(=O)[C@]3(C)CCCN3S(=O)(=O)c4cc(Cl)cc(Cl)c4)C(=O)O)cc2,P26010
CC(C)C(=O)Oc1cccc(OC(=O)C(C)C)c1c2ccc(C[C@H](NC(=O)[C@]3(C)CCCN3S(=O)(=O)c4cc(Cl)cc(Cl)c4)C(=O)O)cc2,P26010
CN(C)C(=O)Oc1ccc(C[C@H](Nc2ncncc2c3ccccc3C)C(=O)O)cc1,P05556
CN(C)C(=O)Oc1ccc(C[C@H](Nc2nc(ncc2c3ccccc3C)N(C)C4CC4)C(=O)O)cc1,P05556
COc1cccc(OC)c1c2ccc(C[C@H](NC(=O)[C@@H]3CCCN3c4ccc(cc4)[N+](=O)[O-])C(=O)O)cc2,P26010
COc1cccc(OC)c1c2ccc(C[C@H](NC(=O)[C@@H]3CCCN3c4cncnc4)C(=O)O)cc2,P05556
COc1cccc(OC)c1c2ccc(C[C@H](NC(=O)[C@@H]3CCCN3c4cnccn4)C(=O)O)cc2,P05556
COc1cccc(OC)c1c2ccc(C[C@H](NC(=O)[C@@H]3CCCN3c4cncc5ccccc45)C(=O)O)cc2,P26010
COc1cccc(OC)c1c2ccc(C[C@H](NC(=O)[C@@H]3CCCN3c4cccnc4)C(=O)O)cc2,P05556
CN(C)C(=O)Oc1ccc(C[C@H](Nc2ncncc2c3cccnc3)C(=O)O)cc1,P05556
CC(C)C[C@H](NC(=O)Cc1ccc(NC(=O)Nc2ccccc2C)cc1)C(=O)N3CCCCC3CC(=O)O,P05556
CC(C)C[C@H](NC(=O)Cc1ccc(NC(=O)Nc2ccccc2C)cc1)C(=O)N3CCCC(CCC(=O)O)C3,P05556
COc1cc(ccn1)C2(CCCC2)C(=O)N[C@@H](Cc3ccc(cc3)c4ccccc4OC)C(=O)O,P26010
OC(=O)[C@H](Cc1ccc(cc1)N2C(=O)c3ccncc3C2=O)NC(=O)[C@@H]4CCC(=O)N4Cc5ccccc5,P05556
C[C@]1(CCCN1S(=O)(=O)c2cc(Cl)cc(Cl)c2)C(=O)N[C@@H](Cc3ccccc3F)C(=O)O,P26010
COc1ccccc1c2ccc(C[C@H](NC(=O)C3(CCOCC3)S(=O)(=O)c4ccccc4)C(=O)O)cc2,P26010
COc1ccccc1c2ccc(C[C@H](NC(=O)C3(CCCC3)c4ccccn4)C(=O)O)cc2,P26010
Cc1ccccc1NC(=O)Nc2ccc(CC(=O)N3CCOCC3C(=O)N4CCC(CC(=O)O)CC4)cc2,P05556
Cc1ccc(cc1)S(=O)(=O)C2(CCCC2)C(=O)N[C@@H](Cc3ccc(cc3)c4ccccc4)C(=O)O,P05556
COc1ccccc1c2ccc(C[C@H](NC(=O)C3(CCCC3)S(=O)(=O)C4CCCCC4)C(=O)O)cc2,P26010
OC(=O)[C@H](Cc1ccc(CNC(=O)c2cccnc2)cc1)NC(=O)[C@@H]3CCC(=O)N3Cc4ccccc4,P05556
CN1N=CC(=C(C1=O)c2ccc(C[C@H](NC(=O)c3c(Cl)cccc3Cl)C(=O)O)cc2)c4ccc(cc4)S(=O)(=O)C,P05556
Cc1ccc(cc1)S(=O)(=O)C2(CCCCC2)C(=O)N[C@@H](Cc3ccc(cc3)c4ccccc4)C(=O)O,P05556
N[C@@H](Cc1ccc(O)cc1)C(=O)N[C@H]2CSSC[C@H](NC(=O)C3CCN(CC3)C2=O)C(=O)O,P05556
COC1=C(C(=O)N(C)N=C1)c2ccc(C[C@H](NC(=O)N(C)c3ccccc3)C(=O)O)cc2,P26010
Cc1cccc(c1NC(=O)Nc2ccc(cc2)CC(=O)NC(CC(C)C)C(=O)NC(CC(=O)O)C(=O)NC(C(C)C)C(=O)NCCCCCCCCCCCCN)C,P05556
COc1ccccc1c2ccc(C[C@H](NC(=O)[C@]3(CCCO3)c4ccc(Br)cc4)C(=O)O)cc2,P26010
COc1ccccc1NC(=O)Nc2ccc(CC(=O)N3C[C@@H](F)C[C@H]3COc4ccc(cc4)C(=O)O)cc2OC,P05556
OC(=O)[C@H](Cc1ccc(cc1)c2ccccc2)NC(=O)c3ccc(CNS(=O)(=O)c4cc(Cl)cc(Cl)c4)cc3,P05556
CN([C@@H](CC(=O)O)C(=O)N[C@@H](Cc1ccc(OCc2c(Cl)cccc2Cl)cc1)C(=O)O)S(=O)(=O)c3ccccc3,P05556
COc1cccc(OC)c1c2ccc(C[C@H](NC(=O)[C@@]3(CCCO)CCCO3)C(=O)O)cc2,P05556
OC(=O)[C@H](Cc1ccc(NC(=O)c2c(Cl)cncc2Cl)cc1)\N=C/3\C(\C(=C3O)O)=N\C4CC4,P05556
CC(CC(=O)O)c1ccc(NC(=O)Cc2ccc(NC(=O)Nc3ccccc3C)cc2)cc1,P05556
COc1cccc(OC)c1c2ccc(CC(Nc3ccc(cn3)C(=O)N4CCCC4)C(=O)O)cc2,P05556
C[C@@H]1NC(=O)[C@H](CSSC[C@H](NC(=O)CNC1=O)C(=O)O)NC(=O)[C@H](Cc2ccc(O)cc2)NC(=O)C,P05556
COc1cccc(c1)N2CCN(CC2)c3ccc(C[C@H](NC(=O)[C@@H]4CCCN4S(=O)(=O)c5ccc(C)cc5)C(=O)O)cc3,P05556
c1c(cc(cc1Cl)Cl)S(=O)(=O)N2CCCC2C(=O)NC3C4CCC(C4)C3C(=O)O,P05556
OC(=O)[C@H](Cc1ccc(cc1)N2C(=O)CC(C2=O)c3ccccc3)NC(=O)[C@@H]4CCC(=O)N4Cc5ccccc5,P05556
N[C@@H](Cc1ccc(O)cc1)C(=O)N[C@H]2CSSC[C@H](NC(=O)CNC2=O)C(=O)O,P05556
CN\C(=N/[C@@H](Cc1ccc(cc1)c2c(OC)cccc2OC)C(=O)O)\[C@@H]3CCN3S(=O)(=O)c4cc(Cl)cc(Cl)c4,P26010
OC(=O)\C(=C/c1ccc(NC(=O)c2c(Cl)cncc2Cl)cc1)\NC(=O)c3cccnc3Cl,P05556
COC1=C(C(=O)N(CCO)N=C1)c2ccc(C[C@H](NC(=O)OC(C)(C)C)C(=O)O)cc2,P26010
COc1cccc(OC)c1c2ccc(CC(NC(=O)C3(CCCC3)S(=O)(=O)c4ccccc4)C(=O)O)cc2,P26010
OC[C@@H]1NC(=O)[C@H](CSSC[C@H](NC(=O)[C@@H]2CCCN2C1=O)C(=O)O)NC(=O)C3CCNCC3,P05556
OC(=O)[C@H](Cc1ccc(NC(=O)c2c(Cl)cccc2Cl)cc1)NC(=O)C3(CCCCN=[N+]=[N-])CCCC3,P05556
NCCC1(CCCC1)C(=O)N[C@@H](Cc2ccc(NC(=O)c3c(Cl)cccc3Cl)cc2)C(=O)O,P05556
CC(=O)N1CSC[C@@H]1C(=O)N[C@@H](Cc2ccc(OCc3cc(Cl)cc(Cl)c3)cc2)C(=O)O,P05556
OC(=O)[C@H](Cc1cccc(F)c1)NC(=O)[C@@H]2CCCN2S(=O)(=O)c3cc(Cl)cc(Cl)c3,P05556
COc1ccc(CC2(CCCC2)C(=O)N[C@@H](Cc3ccc(NC(=O)c4c(Cl)cccc4Cl)cc3)C(=O)O)cc1OC,P05556
COc1ccccc1c2ccc(C[C@H](NC(=O)C3CCCO3)C(=O)O)cc2,P05556
CCOC1=C(C(=O)N(C)N=C1)c2ccc(C[C@H](NC(=O)c3c(Cl)cccc3Cl)C(=O)O)cc2,P26010
CCn1cc(C(=O)Nc2ccc(CC(=O)N3C[C@@H](F)C[C@H]3CO[C@@H]4CC[C@H](CC4)C(=O)O)cc2Cl)c5ccccc15,P05556
CCN(CC)C1=C(N[C@@H](Cc2ccc(cc2)c3c(OC)cccc3OC)C(=O)O)C(=O)C1=O,P05556
OC(=O)[C@H](Cc1ccc(OC(=O)Nc2ccccc2)cc1)NC(=O)c3ccccc3Cl,P05556
COc1ccccc1c2ccc(C[C@H](NC(=O)C3(CCS(=O)CC3)S(=O)(=O)c4ccccc4)C(=O)O)cc2,P26010
CN1C(=O)N(C(=O)\C(=C/c2c[nH]c3ccccc23)\C1=O)c4cccc5ccccc45,P26010
CCCC\N=C/1\C(\C(=C1O)O)=N\[C@@H](Cc2ccc(NC(=O)c3c(Cl)cncc3Cl)cc2)C(=O)O,P05556
CN1N=CC(=C(C1=O)c2ccc(C[C@H](NC(=O)c3c(Cl)cccc3Cl)C(=O)O)cc2)O,P26010
OC(=O)[C@H](Cc1ccc2ccccc2c1)NC(=O)[C@@H]3CCCN3S(=O)(=O)c4cc(Cl)cc(Cl)c4,P05556
OC(=O)[C@H](Cc1ccc(NC(=O)c2c(Cl)cccc2Cl)cc1)NC(=O)C3(Cc4nn[nH]n4)CCCC3,P05556
CC(C)C[C@@H](CC(=O)N(CC(=O)O)Cc1ccccc1)NC(=O)Cc2ccc(NC(=O)Nc3ccccc3C)cc2,P05556
OC[C@@H]1NC(=O)[C@H](CSSC[C@H](NC(=O)[C@@H]2CCCN2C1=O)C(=O)O)NC(=O)c3cccc4cc(O)ccc34,P05556
CCCCC1(CCCC1)C(=O)N[C@@H](Cc2ccc(NC(=O)c3c(Cl)cccc3Cl)cc2)C(=O)O,P05556
CCC1(CC)CCNC(=O)[C@H](CSSC[C@H](NC1=O)C(=O)O)NC(=O)[C@@H](N)Cc2ccc(O)cc2,P05556
CCN(C)C1=C(N[C@@H](Cc2ccc(NC(=O)c3c(Cl)cncc3Cl)cc2)C(=O)O)C(=O)C1=O,P05556
CC(C)C[C@H](NC(=O)Cc1ccc(NC(=O)Nc2ccccc2C)cc1)C(=O)N[C@@H](CC(=O)O)C(=O)N[C@@H](C(C)C)C(=O)N3CCC[C@@H]3C(=O)O,P05556
CC(C)[C@H](NC(=O)[C@H](CC(=O)O)NC(=O)[C@H](CCCCNC(=O)CCCCCN)NC(=O)Cc1ccc(NC(=O)Nc2ccccc2C)cc1)C(=O)N3CCC[C@H]3C(=O)O,P05556
C[C@@H]1NC(=O)[C@@H]2CCCN2C(=O)[C@H](CSSC[C@H](NC1=O)C(=O)O)NC(=O)[C@@H](N)Cc3ccc(O)cc3,P05556
OC(=O)[C@@H]1CC[C@H](CC1)OC[C@@H]2C[C@H](F)CN2C(=O)Cc3ccc(Nc4oc5ccc(F)cc5n4)c(Cl)c3,P05556
CN1N=CC(=C(C1=O)c2ccc(C[C@H](NC(=O)c3c(Cl)cccc3Cl)C(=O)O)cc2)n4ccnc4C,P26010
OC(=O)[C@H](Cc1ccc(cc1)[N+](=O)[O-])NC(=O)[C@@H]2CCC(=O)N2Cc3ccccc3,P05556
COc1cccc(OC)c1c2ccc(C[C@H](\N=C(/NCc3ccccn3)\[C@@H]4CCN4S(=O)(=O)c5ccccc5)C(=O)O)cc2,P26010
OC(=O)[C@H](Cc1ccc(NC(=O)c2c(Cl)cncc2Cl)cc1)\N=C\3/C(=O)C(=C3N4CCSCC4)O,P05556
COc1ccccc1c2ccc(C[C@H](NC(=O)C3(CCC(C)C3)c4cccnc4)C(=O)O)cc2,P26010
CC(C)C[C@H](NC(=O)Cc1ccc(NC(=O)Nc2ccccc2)cc1)C(=O)N[C@@H](CC(=O)O)C(=O)N[C@@H](C(C)C)C(=O)O,P05556
C\N=C(/S)\NCCC1(CCCC1)C(=O)N[C@@H](Cc2ccc(NC(=O)c3c(Cl)cccc3Cl)cc2)C(=O)O,P05556
OC(=O)C(Cc1ccccc1)N2C[C@@H]3CCN([C@@H]3C2=O)S(=O)(=O)c4cc(Cl)cc(Cl)c4,P05556
CC(=O)N1CSC[C@@H]1C(=O)N[C@@H](Cc2ccc(OC(=O)c3c(Cl)cccc3Cl)cc2)C(=O)O,P05556
OC(=O)[C@H](Cc1ccc(NC(=O)c2c(Cl)cccc2Cl)cc1)NC(=O)C3(Cc4ccccc4)CCCC3,P05556
COC(=O)CCCC#Cc1ccc(C[C@H](NC(=O)c2ccc(cc2)S(=O)(=O)N)C(=O)O)cc1,P05556
Cc1ccccc1NC(=O)Nc2ccc(CC(=O)N3CCCC3CN4CCN(CC(=O)O)CC4)cc2,P05556
COc1ccccc1c2ccc(C[C@H](NC(=O)C3(CCCC3)S(=O)(=O)Nc4ccccc4)C(=O)O)cc2,P05556
COc1cccc(OC)c1c2ccc(C[C@H](NC(=O)[C@@]3(CCN(C)C)CCCO3)C(=O)O)cc2,P26010
OC(=O)[C@H](Cc1ccc(NC(=O)c2c(Cl)cncc2Cl)cc1)\N=C\3/C(=O)C(=C3N4CCCCC4)O,P05556
COc1ccccc1c2ccc(C[C@H](NC(=O)C3(CCCNC3)S(=O)(=O)c4ccccc4)C(=O)O)cc2,P26010
CC(C)C[C@H](NC(=O)Cc1ccc(NC(=O)Nc2ccccc2C)cc1)c3nc(CCC(=O)O)cs3,P05556
CC[C@H](C)[C@H](N)C(=O)N[C@@H](CC(C)C)C(=O)N[C@@H](CC(=O)O)C(=O)N[C@@H](C(C)C)C(=O)O,P05556
COc1cccc(OC)c1c2ccc(C[C@H](NC(=O)[C@]3(CCCO3)c4cccc(N)c4)C(=O)O)cc2,P26010
CN1N=CC(=C(C1=O)c2ccc(C[C@H](NC(=O)c3c(Cl)cccc3Cl)C(=O)O)cc2)OCCN4CCOCC4,P26010
OC(=O)[C@H](Cc1ccc(NC(=O)c2c(Cl)cccc2Cl)cc1)NC(=O)C3(Cc4ccc(cc4)C#N)CCCC3,P05556
Cc1ccc(cc1)S(=O)(=O)N2CCC[C@H]2C(=O)N[C@@H](Cc3ccc(cc3)N4CCN(CC4)c5cnccn5)C(=O)O,P05556
OC(=O)[C@H](Cc1cccs1)NC(=O)[C@@H]2CCCN2S(=O)(=O)c3cc(Cl)cc(Cl)c3,P05556
Cn1nnnc1c2ccc(CC3(CCCC3)C(=O)N[C@@H](Cc4ccc(NC(=O)c5c(Cl)cccc5Cl)cc4)C(=O)O)cc2,P05556
COc1cccc(C#N)c1c2ccc(C[C@H](NC(=O)[C@]3(C)CCCN3S(=O)(=O)c4cc(Cl)cc(Cl)c4)C(=O)O)cc2,P26010
OC(=O)[C@H](Cc1ccc(NC(=O)c2c(Cl)cncc2Cl)cc1)\N=C/3\C(\C(=C3O)O)=N\C4CCCC4,P05556
COc1ccccc1c2ccc(C[C@H](NC(=O)C3(CCCC3)c4ccccc4)C(=O)O)cc2,P26010
Cc1ccccc1NC(=O)Nc2ccc(CC(=O)N3C[C@@H](F)C[C@H]3COc4ccc(cc4)C(=O)O)cc2Br,P05556
OC(=O)[C@H](Cc1ccc(NC(=O)c2cc(ccc2C(F)(F)F)C(F)(F)F)cc1)NC(=O)C3CCC(=O)N3Cc4ccccc4,P05556
COc1cccc(OC)c1c2ccc(C[C@H](NC(=O)[C@@H]3CCCN3c4ccccc4)C(=O)O)cc2,P26010
CC1CCCCN1C2CC(N(C2)S(=O)(=O)c3cccc(c3)C#N)C(=O)NC(Cc4ccc(NC(=O)c5c(Cl)cncc5Cl)cc4)C(=O)O,P05556
OC(=O)[C@H](Cc1ccc(NC(=O)c2c(Cl)cccc2Cl)cc1)NC(=O)c3c(F)cccc3F,P05556
C[C@]1(CCCN1S(=O)(=O)c2cc(Cl)cc(Cl)c2)C(=O)N[C@@H](Cc3ccc(cc3)c4ccccn4)C(=O)O,P26010
OC(=O)[C@H](Cc1ccc(NC(=O)c2c(Cl)cncc2Cl)cc1)\N=C/3\C(\C(=C3O)O)=N\CCC(F)(F)F,P05556
COC1=C(C(=O)N(C)N=C1)c2ccc(C[C@@H](CO)NC(=O)c3c(Cl)cccc3Cl)cc2,P26010
CC(=O)N1CSCC1C(=O)N\C(=C\c2ccc(OCc3c(Cl)cccc3Cl)cc2)\C(=O)O,P05556
CCN(CC)C1=C(N[C@@H](Cc2ccc(Oc3ncccn3)cc2)C(=O)O)C(=O)C1=O,P05556
OC(=O)[C@H]1C2CCC(C2)[C@@H]1NC(=O)[C@@H]3CCCN3S(=O)(=O)c4cc(Cl)cc(Cl)c4,P05556
COc1cccc(OC)c1c2ccc(CC(NC(=O)c3ccccc3)C(=O)O)cc2,P05556
COc1ccccc1c2ccc(C[C@H](NC(=O)C3(CCN(C)CC3)c4cccnc4)C(=O)O)cc2,P26010
OC(=O)[C@H](Cc1ccc(cc1)C#Cc2ccccc2)NC(=O)[C@@H]3CCC(=O)N3Cc4ccccc4,P05556
CN1N=CC(=C(C1=O)c2ccc(C[C@H](NC(=O)c3c(Cl)cccc3Cl)C(=O)O)cc2)n4ncc5ccccc45,P26010
COc1ccccc1c2cncnc2N[C@@H](Cc3ccc(OC(=O)N(C)C)cc3)C(=O)O,P05556
COc1ccccc1c2ccc(C[C@H](NC(=O)C3(CCCC3)c4ccncc4)C(=O)O)cc2,P26010
OC(=O)[C@H](Cc1ccc2ccccc2c1)NC(=O)[C@@H]3CCC(=O)N3Cc4ccccc4,P05556
N[C@@H](Cc1ccc(O)cc1)C(=O)N\C\2=C\CCCC[C@H](NC(=O)C3(CCCC3)CCNC2=O)C(=O)O,P05556
CC(=O)c1ccc(s1)N2CCN(CC2)c3ccc(C[C@H](NC(=O)[C@@H]4CCCN4S(=O)(=O)c5ccccc5)C(=O)O)cc3,P05556
COc1ccccc1c2ccc(C[C@H](NC(=O)N3CCCC3)C(=O)O)cc2,P26010
C[C@@H]1NC(=O)[C@H](CSSC[C@H](NC(=O)[C@@H]2CCCN2C1=O)C(=O)O)NC(=O)[C@@H](N)Cc3ccc(O)cc3,P05556
OC(=O)[C@H](Cc1ccc(NC(=O)c2c(Cl)cncc2Cl)cc1)\N=C/3\C(\C(=C3O)O)=N\c4ccccc4,P05556
COc1cccc(OC)c1c2ccc(C[C@H](NC(=O)C3(CCCNC3)S(=O)(=O)Cc4ccccc4)C(=O)O)cc2,P26010
COc1cccc(OC)c1c2ccc(C[C@H](NC(=O)C3(CCCNC3)S(=O)(=O)c4cn(C)cn4)C(=O)O)cc2,P26010
Cc1cc(NC(=O)Nc2ccccc2Br)c(Cl)cc1CC(=O)N3C[C@@H](F)C[C@H]3COc4ccc(cc4)C(=O)O,P05556
CN(C)C(=O)Oc1ccc(C[C@H](Nc2ncncc2c3cccs3)C(=O)O)cc1,P05556
COc1cccc(OC)c1c2ccc(CC(Nc3ccc(cc3)C(=O)N4CCCC4)C(=O)O)cc2,P05556
OC(=O)[C@H](Cc1ccc(NC(=O)c2ccc(Cl)cc2[N+](=O)[O-])cc1)NC(=O)C3CCC(=O)N3Cc4ccccc4,P05556
CN(C)C(=O)Oc1ccc(C[C@H](Nc2ncncc2c3c(C)cc(C)cc3C)C(=O)O)cc1,P05556
COc1nc(N[C@@H](Cc2ccc(NC(=O)c3c(Cl)cncc3Cl)cc2)C(=O)O)nc(n1)N4CCNCC4,P05556
OC(=O)[C@H](Cc1cccc(c1)C(F)(F)F)NC(=O)[C@@H]2CCCN2S(=O)(=O)c3cc(Cl)cc(Cl)c3,P05556
OC(=O)CC[C@H](NS(=O)(=O)c1ccc2ccccc2c1)C(=O)N[C@@H](Cc3ccccc3)C(=O)O,P05556
COc1ccccc1c2ccc(C[C@H](NC(=O)C3(CCN(CC3)c4ccccc4)S(=O)(=O)c5ccccc5)C(=O)O)cc2,P26010
c1c(cc(cc1Cl)Cl)S(=O)(=O)N2CCCC2C(=O)NC3C4CC(C3C(=O)O)C=C4,P05556
OC(=O)[C@H](Cc1ccc(NC(=O)c2c(Cl)cccc2Cl)cc1)NC(=O)C3(CCN4CCOCC4)CCCC3,P05556
OC(=O)[C@H](Cc1ccc(cc1)N2CCN(CC2)c3ccccc3C#N)NC(=O)[C@@H]4CCCN4S(=O)(=O)c5ccccc5,P05556
CCOC(=O)CC(=O)[C@H](Cc1ccc(NC(=O)c2c(Cl)cncc2Cl)cc1)NC(=O)[C@@H]3CCCN3S(=O)(=O)c4cc(Cl)cc(Cl)c4,P05556
Cn1cc(\C=C/2\C(=O)NC(=O)N(C2=O)c3ccccc3)c4ccccc14,P26010
OC(=O)[C@H](Cc1ccc(cc1)N2CCN(CC2)c3ccccc3[N+](=O)[O-])NC(=O)[C@@H]4CCCN4S(=O)(=O)c5ccccc5,P05556
CN(C)C(=O)Oc1ccc(C[C@H](Nc2ncncc2c3cccc(Cl)c3Cl)C(=O)O)cc1,P05556
N[C@@H](Cc1ccc(O)cc1)C(=O)N[C@H]2CSSC[C@H](NC(=O)c3cccc(NC2=O)c3)C(=O)N,P05556
OC(=O)[C@H](Cc1ccc(cc1)N2CCCC2=O)NC(=O)[C@@H]3CCC(=O)N3Cc4ccccc4,P05556
COc1ccccc1c2ccc(C[C@H](NC(=O)C3(CCCC3)S(=O)(=O)c4ccc(F)cc4)C(=O)O)cc2,P26010
CC(=O)N1CSC[C@@H]1C(=O)N\C(=C\c2ccc(NC(=O)c3c(Cl)cncc3Cl)cc2)\C(=O)O,P05556
CN(C)C(=O)Oc1ccc(C[C@H](Nc2nc(ncc2c3ccccc3C)N(C)C4CCN(C)CC4)C(=O)O)cc1,P05556
CN1CCN(CC1)C(=O)Oc2ccc(C[C@H](NC(=O)c3ccccc3Cl)C(=O)O)cc2,P26010
C[C@@H]1NC(=O)[C@H](CSSC[C@H](NC(=O)[C@@H](NC1=O)c2ccccc2)C(=O)O)NC(=O)[C@H](Cc3ccc(O)cc3)NC(=O)C,P05556
COC1=C(C(=O)N(N=C1)C(C)(C)C)c2ccc(C[C@H](NC(=O)c3c(Cl)cccc3Cl)C(=O)O)cc2,P26010
Cn1cc(C(=O)Nc2cc(F)c(CC(=O)N3CCC[C@H]3CO[C@@H]4CC[C@H](CC4)C(=O)O)cc2Cl)c5ccccc15,P05556
CCCCNC(=O)[C@@H]1OCO[C@H]1C(=O)N[C@@H](Cc2ccc(OCc3c(Cl)cccc3Cl)cc2)C(=O)O,P05556
COc1cccc(OC)c1c2ccc(CC(Nc3ccc(cc3)S(=O)(=O)N4CCCC4)C(=O)O)cc2,P05556
COc1ccccc1c2ccc(C[C@H](NC(=O)C3(CCCC3)c4cccnc4)C(=O)O)cc2,P26010
CC(C)C[C@H](NC(=O)Cc1ccc(NC(=O)Nc2c(C)cccc2C)cc1)C(=O)N[C@@H](CC(=O)O)C(=O)N[C@@H](C(C)C)C(=O)NCCc3ccccc3,P05556
CC(C)C[C@H](NC(=O)Cc1ccc(NC(=O)Nc2ccccc2C)cc1)C(=O)N3CCCC(CC(=O)O)C3,P05556
CN(C)C(=O)Oc1ccc(C[C@H](Nc2ncncc2c3ccc[nH]3)C(=O)O)cc1,P05556
COc1ccccc1c2ccc(C[C@H](NC(=O)[C@]3(CCCO3)c4cc(cc(c4)C(F)(F)F)C(F)(F)F)C(=O)O)cc2,P26010
Cn1cc(\C=C/2\C(=O)NC(=O)N(C2=O)c3cccc4ccccc34)c5ccccc15,P26010
COc1cc(CC(=O)N2CCCC2CN3CCN(CC(=O)O)CC3)ccc1NC(=O)Nc4ccccc4C,P05556
Cc1cccc(c1NC(=O)Nc2ccc(cc2)CC(=O)NCCCCCCCCCCCCN)C,P05556
Cc1ccc(cc1)S(=O)(=O)N2CCC[C@H]2C(=O)N[C@@H](Cc3ccc(cc3)N4CCN(CC4)c5ccc(cc5)c6ccccc6)C(=O)O,P05556
COc1cccc(OC)c1c2ccc(C[C@H](NC(=O)C3(CCOC3)S(=O)(=O)c4ccccc4)C(=O)O)cc2,P26010
CC(C)\N=C/1\C(\C(=C1O)O)=N\[C@@H](Cc2ccc(NC(=O)c3c(Cl)cncc3Cl)cc2)C(=O)O,P05556
CCN1CCN(CC1)C2=C(N[C@@H](Cc3ccc(NC(=O)c4c(Cl)cncc4Cl)cc3)C(=O)O)C(=O)C2=O,P05556
CCCS(=O)(=O)c1cc(NC(Cc2ccc(cc2)c3c(OC)cccc3OC)C(=O)O)ncn1,P05556
Cc1ccc(F)cc1Nc2oc3c(F)c(CC(=O)N4C[C@@H](F)C[C@H]4CO[C@@H]5CC[C@H](CC5)C(=O)O)ccc3n2,P05556
CC(C)(C)Oc1ccc(C[C@H](NC(=O)[C@@H]2CCCN2S(=O)(=O)c3cc(Cl)cc(Cl)c3)C(=O)O)cc1,P05556
CCOC(=O)C[C@H](NC(=O)CN(CCCOC)C(=O)Cc1ccc(NC(=O)Nc2ccccc2C)cc1)c3ccc(OC)cc3,P05556
OC(=O)[C@H](Cc1ccc(cc1)N2CCN(CC2)c3ccccc3)NC(=O)c4c(F)cccc4C(F)(F)F,P05556
COc1ccccc1c2ccc(C[C@H](NC(=O)C3(CCCCC3)c4cccnc4)C(=O)O)cc2,P26010
OC(=O)[C@@H]1CC[C@H](CC1)OC[C@@H]2C[C@H](F)CN2C(=O)Cc3cc(Cl)c(NC(=O)N4CCc5ccccc45)cc3F,P05556
OC(=O)[C@H](Cc1ccc(cc1)c2ccccc2)NC(=O)C3(CCCC3)S(=O)(=O)c4ccccc4,P26010
OC(=O)[C@H](CNC(=O)NCc1ccccc1)NC(=O)[C@@H]2CCCN2S(=O)(=O)c3ccccc3,P05556
COc1ccccc1c2ccc(C[C@H](NC(=O)C3(CCS(=O)(=O)CC3)S(=O)(=O)c4ccccc4)C(=O)O)cc2,P26010
N[C@@H](Cc1ccc(O)c(Cl)c1)C(=O)N[C@H]2CSSC[C@H](NC(=O)[C@@H]3CCCN3C(=O)[C@H](CO)NC2=O)C(=O)O,P05556
COCC[C@@]1(CCCO1)C(=O)N[C@@H](Cc2ccc(cc2)c3c(OC)cccc3OC)C(=O)O,P26010
OC(=O)[C@H](Cc1cscn1)NC(=O)[C@@H]2CCCN2S(=O)(=O)c3cc(Cl)cc(Cl)c3,P05556
OC(=O)[C@H](Cc1ccc(NC(=O)c2ccccn2)cc1)NC(=O)C3CCC(=O)N3Cc4ccccc4,P05556
OC(=O)[C@H](Cc1ccc(NC(=O)c2ccc(cc2)[N+](=O)[O-])cc1)NC(=O)[C@@H]3CCC(=O)N3Cc4ccccc4,P05556
OC(=O)[C@H](Cc1ccc(NC(=O)c2cccc(c2)C#N)cc1)NC(=O)C3CCC(=O)N3Cc4ccccc4,P05556
OC(=O)[C@H](Cc1ccc(cc1)C#N)NC(=O)[C@@H]2CCC(=O)N2Cc3ccccc3,P05556
O=C1NC(=O)\C(=C\c2cc3ccccc3[nH]2)\C(=O)N1c4ccccc4,P26010
OC(=O)[C@H](CNC(=O)NCc1ccccc1)NC(=O)[C@@H]2CCCN2S(=O)(=O)c3cc(Cl)cc(Cl)c3,P05556
COc1ccccc1c2ccc(C[C@H](NC(=O)C3(CCCC3)c4cncc(Br)c4)C(=O)O)cc2,P26010
COc1cccc(OC)c1c2ccc(CC(Nc3ccc(cc3)C#N)C(=O)O)cc2,P05556
COc1ccccc1c2ccc(C[C@H](NC(=O)C3(CCCC3)S(=O)(=O)C4CCCC4)C(=O)O)cc2,P26010
C[C@@H]1NC(=O)[C@H](CSSC[C@H](NC(=O)[C@@H]2CCCN2C1=O)C(=O)N)NC(=O)[C@H](Cc3ccc(O)cc3)NC(=O)C,P05556
OC(=O)[C@H](Cc1ccc(NC(=O)c2ccncc2)cc1)NC(=O)[C@@H]3OCO[C@H]3C(=O)Nc4ccccc4c5ccccc5,P05556
COc1ccccc1c2ccc(C[C@H](NC(=O)C3(C)CCCO3)C(=O)O)cc2,P26010
COc1cccc(OC)c1c2ccc(C[C@H](NC(=O)C3(CCCNC3)S(=O)(=O)CCNCCCN(C)C)C(=O)O)cc2,P26010
CN1N=CC(=C(C1=O)c2ccc(C[C@H](NC(=O)c3c(Cl)cccc3Cl)C(=O)O)cc2)c4ccc(cc4)C(=O)N,P26010
C[C@]1(CCCN1S(=O)(=O)c2cc(Cl)cc(Cl)c2)C(=O)N[C@@H](Cc3ccc(cc3)c4cccnc4)C(=O)O,P26010
OC(=O)[C@H](Cc1ccc(NC(=O)c2cccnc2Oc3ccccc3)cc1)NC(=O)C4(CCCC4)c5ccccc5,P05556
C[C@]1(CCCN1S(=O)(=O)c2cc(Cl)cc(Cl)c2)C(=O)N[C@@H](Cc3ccc(cc3)c4ccccc4S(=O)(=O)C)C(=O)O,P26010
OC(=O)CCN1CCS[C@@H](CC(=O)O)C(=O)N[C@@H](Cc2ccc(O)cc2)C1=O,P05556
CCCN(C(=O)N[C@@H](Cc1ccc(cc1)C2=C(OC)C=NN(C)C2=O)C(=O)O)c3ccccc3,P05556
N[C@@H](CCCN=C(N)N)C(=O)N[C@H]1CSSC[C@H](NC(=O)[C@@H]2CCCN2C(=O)[C@H](CC(=O)O)NC1=O)C(=O)N,P05556
COc1ccccc1c2ccc(C[C@H](NC(=O)C3(CCCC3)C4=CN(C)C(=O)C=C4)C(=O)O)cc2,P26010
C[C@@]1(CCCO1)C(=O)N[C@@H](Cc2ccc(cc2)c3ccccc3C#N)C(=O)O,P05556
OC(=O)[C@H](Cc1ccc(cc1)c2ccccc2)NC(=O)C3(CCCC3)S(=O)(=O)C4CCCCC4,P05556
COc1nc(N[C@@H](Cc2ccc(NC(=O)c3c(Cl)cncc3Cl)cc2)C(=O)O)nc(n1)N4CCOCC4,P05556
OC(=O)[C@H](Cc1ccc2OCOc2c1)NC(=O)[C@@H]3CCC(=O)N3Cc4ccccc4,P05556
CC(C)C[C@H](NC(=O)Cc1ccc(NC(=O)Nc2ccccc2C)cc1)C(=O)N[C@@H](CC(=O)O)C(=O)N[C@@H](C(C)C)C(=O)N3CCC[C@H]3C(=O)N,P05556
COC1=C(C(=O)N(C)N=C1)c2ccc(C[C@H](NC(=O)OCc3ccccc3)C(=O)O)cc2,P05556
CC(C)C[C@@H](NC(=O)Cc1ccc(NC(=O)Nc2ccccc2C)cc1)C(=O)NN(CC=C)CC(=O)O,P05556
COc1cccc(OC)c1c2ccc(C[C@H](\N=C(/NC#N)\[C@@H]3CCN3S(=O)(=O)c4ccccc4)C(=O)O)cc2,P26010
Cn1cc(C(=O)Nc2cc(F)c(CC(=O)N3C[C@@H](F)C[C@H]3CO[C@@H]4CC[C@H](CC4)C(=O)O)cc2Cl)c5ccccc15,P05556
CN\C(=N/[C@@H](Cc1ccc(cc1)c2c(OC)cccc2OC)C(=O)O)\[C@@H]3CCN3S(=O)(=O)c4ccccc4,P26010
CC(C)C[C@H](NC(=O)Cc1ccc(NC(=O)Nc2ccccc2C)cc1)C(=O)N3CCCCC3C(=O)O,P05556
CC(C)CC1CC(=O)N(C1=O)c2ccc(C[C@H](NC(=O)[C@@H]3CCC(=O)N3Cc4ccccc4)C(=O)O)cc2,P05556
COc1cccc(OC)c1c2ccc(CC(Nc3ccc(cc3)S(=O)(=O)c4ccccc4)C(=O)O)cc2,P05556
COc1cccc(OC)c1c2ccc(C[C@H](NC(=O)C3(CCCNC3)S(=O)(=O)c4cncn4C)C(=O)O)cc2,P26010
COc1cccc(OC)c1c2ccc(C[C@H](NC(=O)C3(CCCNC3)S(=O)(=O)c4cccc(Br)c4)C(=O)O)cc2,P26010
Nc1ccc(CNC(=O)NC[C@H](NC(=O)[C@@H]2CCCN2S(=O)(=O)c3ccccc3)C(=O)O)cc1,P05556
COc1cccc(OC)c1c2ccc(CC(Nc3cccc(c3)C#N)C(=O)O)cc2,P05556
CCN1CCC(CC1)(C(=O)N[C@@H](Cc2ccc(cc2)c3ccccc3OC)C(=O)O)S(=O)(=O)c4ccccc4,P26010
CC(C)C[C@H](NC(=O)[C@@H](N)Cc1ccc(O)cc1)C(=O)N[C@@H](CC(=O)O)C(=O)N[C@@H](C(C)C)C(=O)O,P05556
COc1cccc(OC)c1c2ccc(C[C@H](NC(=O)C3(CCCNC3)S(=O)(=O)c4ccc(cc4)N5CCCC5)C(=O)O)cc2,P26010
C[C@]1(CCCN1S(=O)(=O)c2cc(Cl)cc(Cl)c2)C(=O)N[C@@H](Cc3ccc(cc3)c4nc[nH]n4)C(=O)O,P05556
OC(=O)\C(=C\c1ccc(NC(=O)c2c(Cl)cncc2Cl)cc1)\NC(=O)c3cccnc3Cl,P05556
COc1cccc(OC)c1c2ccc(C[C@H](\N=C(/NO)\[C@@H]3CCN3S(=O)(=O)c4ccccc4)C(=O)O)cc2,P26010
Clc1ccc(cc1)N2C(=O)NC(=O)\C(=C\c3ccccc3)\C2=O,P26010
C[C@]1(CCCN1S(=O)(=O)c2cc(Cl)cc(Cl)c2)C(=O)N[C@@H](Cc3ccc(cc3)c4ccccc4C(=O)N)C(=O)O,P26010
C[C@@]1(CCCN1S(=O)(=O)c2cc(Cl)cc(Cl)c2)C(=O)N[C@@H](Cc3ccccc3)C(=O)O,P26010
CC(=O)N[C@@H](Cc1ccc(O)cc1)C(=O)Nc2ccc(C[C@H](NC(=O)[C@@H]3CCC(=O)N3Cc4ccccc4)C(=O)O)cc2,P05556
CS(=O)(=O)NCCC1(CCCC1)C(=O)N[C@@H](Cc2ccc(NC(=O)c3c(Cl)cccc3Cl)cc2)C(=O)O,P05556
CC(C)C[C@H](CC(=O)N[C@@H](CC(=O)O)c1ccccc1)NC(=O)Cc2ccc(NC(=O)Nc3ccccc3C)cc2,P05556
COc1cnnc(O)c1c2ccc(C[C@H](NC(=O)c3c(Cl)cccc3Cl)C(=O)O)cc2,P26010
C[C@]1(CCCN1S(=O)(=O)c2cc(Cl)cc(Cl)c2)C(=O)N[C@@H](Cc3ccc(Cl)cc3)C(=O)O,P26010
CC(C)C[C@H](NC(=O)Cc1ccccc1)C(=O)N[C@@H](CC(=O)O)C(=O)N[C@@H](C(C)C)C(=O)O,P05556
OC(=O)[C@H](Cc1ccc(OCc2c(Cl)cccc2Cl)cc1)NC(=O)[C@@H]3OCO[C@H]3C(=O)NC4CCCCC4,P05556
OC(=O)c1[nH]c(CN(C2CCCCC2)S(=O)(=O)c3cc(Cl)cc(Cl)c3)nc1Cc4ccc(cc4)c5ccccc5,P05556
OC(=O)[C@H](Cc1ccc(Br)cc1)NC(=O)[C@@H]2CCCN2S(=O)(=O)c3cc(Cl)cc(Cl)c3,P05556
COc1cccc(OC)c1c2ccc(C[C@H](NC(=O)C3(CCOCC3)S(=O)(=O)c4ccccc4)C(=O)O)cc2,P26010
N[C@@H](Cc1ccc(O)cc1)C(=O)N[C@H]2CSSC[C@H](NC(=O)c3cccc(NC2=O)c3)C(=O)O,P05556
OC(=O)[C@H](Cc1ccc(cc1)c2ccccc2)NC(=O)C3(CCCC3)S(=O)(=O)c4cccc5ccccc45,P26010
OC(=O)[C@H](Cc1ccc(NS(=O)(=O)c2cccc(c2)C(F)(F)F)cc1)NC(=O)[C@@H]3CCC(=O)N3Cc4ccccc4,P05556
C[C@@H]1NC(=O)[C@H](CSSC[C@H](NC(=O)[C@H](Cc2ccccc2)NC1=O)C(=O)O)NC(=O)[C@@H](N)Cc3ccc(O)cc3,P05556
CC(C)C[C@H](NC(=O)Cc1ccc(NC(=O)Nc2ccccc2C)cc1)c3ncc(CC(=O)O)s3,P05556
CO\N=C(/C(=O)N[C@@H](Cc1ccc(cc1)C#CCCCC(=O)OC)C(=O)O)\c2csc(N)n2,P05556
OC(=O)[C@H](Cc1ccc(cc1)c2ccccc2)NC(=O)C3(CCCCC3)S(=O)(=O)c4ccccc4Br,P26010
COc1ccc(CNC2CC(C)O[C@@]2(C)C(=O)N[C@@H](Cc3ccc(cc3)c4c(OC)cccc4OC)C(=O)O)cc1,P05556
Cc1ccc(C(=O)Nc2ccc(C[C@H](NC(=O)C3CCC(=O)N3Cc4ccccc4)C(=O)O)cc2)c(Cl)n1,P05556
CN1N=CC(=C(C1=O)c2ccc(C[C@H](NC(=O)c3c(Cl)cccc3Cl)C(=O)O)cc2)c4ccc(F)cc4,P26010
COc1ccccc1c2ccc(C[C@H](NC(=O)C3(CCCC3)c4ccc(C)nc4)C(=O)O)cc2,P26010
CC1(C)CCNC(=O)[C@H](CSSC[C@H](NC1=O)C(=O)O)NC(=O)[C@@H](N)Cc2ccc(O)cc2,P05556
COc1cc(CC(=O)N2C[C@@H](F)C[C@H]2COc3ccc(cc3)C(=O)O)ccc1NC(=O)Nc4ccccc4Cl,P05556
COc1cc(CC(=O)N2C[C@@H](F)C[C@H]2COc3ccc(cc3)C(=O)O)ccc1NC(=O)Nc4ccccc4C(C)C,P05556
COc1cc(CC(=O)N2C[C@@H](F)C[C@H]2COc3ccc(cc3)C(=O)O)ccc1NC(=O)Nc4ccccc4C(F)(F)F,P05556
COc1ccccc1c2ccc(C[C@H](NC(=O)N3CCCN3S(=O)(=O)c4cc(Cl)cc(Cl)c4)C(=O)O)cc2,P05556
COc1ccccc1c2ccc(C[C@H](NC(=O)C3CCOC3)C(=O)O)cc2,P05556
COc1ccccc1c2ccc(C[C@H](NC(=O)C3CCC(=O)N3)C(=O)O)cc2,P05556
Cc1ccccc1NC(=O)Nc2ccc(CC(=O)N[C@@H](CCCCNC(=O)\C=C\c3cccnc3)C(=O)N[C@@H](CCCC(=O)O)C(=O)N[C@H](Cc4ccccc4)C(=O)N)cc2,P05556
COc1cccc(OC)c1c2ccc(C[C@H](NC(=O)[C@]3(CCCO3)C(=O)C(C)C)C(=O)O)cc2,P05556
COc1ccccc1c2ccc(C[C@H](NC(=O)[C@@]3(CC(=O)N4CCOCC4)CCCO3)C(=O)O)cc2,P05556
COc1ccccc1c2ccc(C[C@H](NC(=O)[C@]3(CCCO3)C(=O)N4CCOCC4)C(=O)O)cc2,P26010
Cc1ccccc1NC(=O)Nc2ccc(CC(=O)C3CCC(CC3)(C(=O)N[C@@H](Cc4ccccc4)C(=O)O)c5ccccc5)cc2,P05556
COc1cccc(OC)c1c2ccc(C[C@H](NC(=O)[C@]3(C)OC(C)CC3N)C(=O)O)cc2,P05556
COc1cccc(OC)c1c2ccc(CC(Nc3ccncc3)C(=O)O)cc2,P05556
CC(C)(C)OC(=O)N1CCC[C@H](CC(=O)N[C@@H](Cc2ccc(cc2)C#CCCCC(=O)O)C(=O)O)C1,P05556
OC(=O)[C@H](Cc1ccc(NC(=O)c2c(Cl)cncc2Cl)cc1)NC(=O)[C@@H]3C[C@H](CN3S(=O)(=O)c4cc(Cl)cc(Cl)c4)NC5CCC5,P05556
OC(=O)[C@H](Cc1ccc(NC(=O)c2c(Cl)cncc2Cl)cc1)NC(=O)[C@@H]3C[C@H](CN3S(=O)(=O)c4cc(Cl)cc(Cl)c4)N5CCCC5,P05556
OC(=O)[C@H](Cc1ccc(NC(=O)c2c(Cl)cncc2Cl)cc1)NC(=O)[C@@H]3C[C@H](CN3S(=O)(=O)c4cc(Cl)cc(Cl)c4)N5CCCCC5,P05556
N[C@@H]1C[C@H](N(C1)S(=O)(=O)c2cc(Cl)cc(Cl)c2)C(=O)N[C@@H](Cc3ccc(NC(=O)c4c(Cl)cncc4Cl)cc3)C(=O)O,P05556
C[C@]1(CCCN1S(=O)(=O)c2cc(Cl)cc(Cl)c2)C(=O)N[C@@H](Cc3ccc(NC(=O)c4c(Cl)cncc4Cl)cc3)C(=O)O,P05556
OC(=O)[C@H](Cc1ccc(cc1)c2ccccc2)NC(=O)C3(CCCCC3)S(=O)(=O)Cc4ccccc4,P05556
OC(=O)[C@H](Cc1ccc(cc1)c2ccccc2)NC(=O)C3(CCCCC3)S(=O)(=O)c4ccc(Br)cc4,P26010
CCS(=O)(=O)C1(CCCC1)C(=O)N[C@@H](Cc2ccc(cc2)c3ccccc3OC)C(=O)O,P26010
C[C@]1(CCCN1S(=O)(=O)c2cc(Cl)cc(Cl)c2)C(=O)N[C@@H](Cc3cccs3)C(=O)O,P26010
CCc1ccc(C[C@H](NC(=O)[C@]2(C)CCCN2S(=O)(=O)c3cc(Cl)cc(Cl)c3)C(=O)O)cc1,P26010
OC(=O)[C@H](Cc1ccc(F)c(F)c1)NC(=O)[C@@H]2CCCN2S(=O)(=O)c3cc(Cl)cc(Cl)c3,P05556
OC(=O)[C@H](Cc1ccc(cc1)c2ccccc2)NC(=O)[C@@H]3CCCN3S(=O)(=O)c4cc(Cl)cc(Cl)c4,P05556
COc1ccc(C[C@H](NC(=O)[C@@H]2CCCN2S(=O)(=O)c3cc(Cl)cc(Cl)c3)C(=O)O)cc1,P05556
C[C@]1(CCCN1S(=O)(=O)c2cc(Cl)cc(Cl)c2)C(=O)N[C@@H](Cc3ccc(OC(F)(F)F)cc3)C(=O)O,P26010
C[C@]1(CCCN1S(=O)(=O)c2cc(Cl)cc(Cl)c2)C(=O)N[C@@H](Cc3ccc(F)cc3)C(=O)O,P05556
OC(=O)[C@H](Cc1ccc(cc1)C#N)NC(=O)[C@@H]2CCCN2S(=O)(=O)c3cc(Cl)cc(Cl)c3,P05556
OC(=O)[C@H](Cc1cccc(Cl)c1)NC(=O)[C@@H]2CCCN2S(=O)(=O)c3cc(Cl)cc(Cl)c3,P05556
COC1=C(C(=O)N(C)N=C1)c2ccc(C[C@H](NC(=O)c3ccc(cc3Cl)S(=O)(=O)C)C(=O)O)cc2,P26010
COc1cccc(OC)c1c2ccc(C[C@H](CC(=O)O)NC(=O)c3c(Cl)cccc3Cl)cc2,P05556
CC(C)C[C@H](NC(=O)Cc1ccc(NC(=O)Nc2ccccc2C)cc1)c3nc(CC(=O)O)cs3,P05556
CCC1=C(C(=O)N(C)N=C1)c2ccc(C[C@H](NC(=O)c3c(Cl)cccc3Cl)C(=O)O)cc2,P26010
COC1=C(C(=O)N(C)N=C1)c2ccc(C[C@H](NC(=O)c3cccn3C)C(=O)O)cc2,P26010
COC1=C(C(=O)N(C)N=C1)c2ccc(C[C@H](NC(=O)c3c(Cl)cncc3Cl)C(=O)O)cc2,P05556
CN1N=CC(=C(C1=O)c2ccc(C[C@H](NC(=O)c3c(Cl)cccc3Cl)C(=O)O)cc2)C,P26010
COC1=C(C(=O)N(C)N=C1)c2ccc(C[C@H](NC(=O)c3sccc3Cl)C(=O)O)cc2,P26010
COC1=C(C(=O)N(CCO)N=C1)c2ccc(C[C@H](NC(=O)c3c(Cl)cccc3Cl)C(=O)O)cc2,P26010
COC1=C(C(=O)N(C)N=C1)c2ccc(C[C@H](NC(=O)N(C)CCO)C(=O)O)cc2,P05556
COC1=C(C(=O)N(N=C1)c2ccccc2)c3ccc(C[C@H](NC(=O)c4c(Cl)cccc4Cl)C(=O)O)cc3,P26010
COC1=C(C(=O)N(C)N=C1)c2ccc(C[C@H](NC(=O)N(C)C)C(=O)O)cc2,P05556
COC(=O)N[C@@H](Cc1ccc(cc1)C2=C(OC)C=NN(C)C2=O)C(=O)O,P05556
OC(=O)[C@H](Cc1ccc(CCc2ccccc2)cc1)NC(=O)[C@@H]3CCC(=O)N3Cc4ccccc4,P05556
Cc1ccc(cc1C(=O)Nc2ccc(C[C@H](NC(=O)C3CCC(=O)N3Cc4ccccc4)C(=O)O)cc2)[N+](=O)[O-],P05556
OC(=O)[C@H](Cc1ccc(OCc2ccc(cc2)[N+](=O)[O-])cc1)NC(=O)[C@@H]3CCC(=O)N3Cc4ccccc4,P05556
OC(=O)[C@H](Cc1ccccc1)NC(=O)[C@@H]2CCC(=O)N2Cc3ccccc3,P05556
COc1ccc(cc1OC)[C@H](CC(=O)O)NC(=O)CN(CCC(C)C)C(=O)Cc2ccc(NC(=O)Nc3ccccc3C)cc2,P05556
CC(C)CCN(CC(=O)N(CCC(=O)O)CCc1ccccc1)C(=O)Cc2ccc(NC(=O)Nc3ccccc3C)cc2,P05556
CC(C)C[C@H](NC(=O)Cc1ccc(NC(=O)Nc2ccccc2C)cc1)C(=O)N[C@H](CC=C)CC(=O)O,P05556
Cc1ccccc1NC(=O)Nc2ccc(cc2)CC(=O)NN(CC(C)C)C(=O)NC(CC(=O)[O-])c3ccccc3,P05556
CC(C)C[C@H](NC(=O)Cc1ccc(NC(=O)Nc2ccccc2C)cc1)C(=O)N[C@@H](CC(=O)O)c3ccc4OCOc4c3,P05556
Cc1ccccc1NC(=O)Nc2ccc(cc2)CC(=O)NN(CC(C)C)C(=O)NC(CC=C)CC(=O)[O-],P05556
CS(=O)(=O)CCCCC1(CCC1)C(=O)N[C@@H](Cc2ccc(NC(=O)c3c(Cl)cccc3Cl)cc2)C(=O)O,P05556
OC(=O)C1C2CCC(C2)[C@H]1NC(=O)[C@@H]3CCCN3S(=O)(=O)c4cc(Cl)cc(Cl)c4,P05556
OC(=O)[C@H]1CCCC[C@H]1NC(=O)[C@@H]2CCCN2S(=O)(=O)c3cc(Cl)cc(Cl)c3,P05556
OC(=O)C1C2CC(C=C2)[C@@H]1NC(=O)[C@@H]3CCCN3S(=O)(=O)c4cc(Cl)cc(Cl)c4,P05556
CC(C)[C@H](N(C)S(=O)(=O)c1cc(Cl)cc(Cl)c1)C(=O)NC2CCCCC2C(=O)O,P05556
OC(=O)[C@@H]1C2CCC(C2)[C@@H]1NC(=O)[C@@H]3CCCN3S(=O)(=O)c4cc(Cl)cc(Cl)c4,P05556
OC(=O)C1C2CCC(C2)[C@@H]1NC(=O)[C@@H]3CCCN3S(=O)(=O)c4cc(Cl)cc(Cl)c4,P05556
OC(=O)[C@H]1CCCC[C@@H]1NC(=O)[C@@H]2CCCN2S(=O)(=O)c3cc(Cl)cc(Cl)c3,P05556
CCCCCCS(=O)(=O)c1nc(N[C@@H](Cc2ccc(NC(=O)c3c(Cl)cncc3Cl)cc2)C(=O)O)cc(n1)C(=O)O,P05556
COc1cc(N[C@@H](Cc2ccc(NC(=O)c3c(Cl)cncc3Cl)cc2)C(=O)O)nc(n1)S(=O)(=O)C,P05556
COc1cccc(OC)c1c2ccc(C[C@H](\N=C(/NS(=O)(=O)C)\[C@@H]3CCN3S(=O)(=O)c4ccccc4)C(=O)O)cc2,P26010
COCCN\C(=N/[C@@H](Cc1ccc(cc1)c2c(OC)cccc2OC)C(=O)O)\[C@@H]3CCN3S(=O)(=O)c4ccccc4,P26010
CON\C(=N/[C@@H](Cc1ccc(cc1)c2c(OC)cccc2OC)C(=O)O)\[C@@H]3CCN3S(=O)(=O)c4ccccc4,P26010
COc1cccc(OC)c1c2ccc(C[C@H](\N=C(/N)\[C@@H]3CCN3S(=O)(=O)c4cc(Cl)cc(Cl)c4)C(=O)O)cc2,P26010
COc1cccc(OC)c1c2ccc(C[C@H](NC(=O)[C@@H]3CCN3S(=O)(=O)c4ccccc4)C(=O)O)cc2,P26010
COc1cccc(OC)c1c2ccc(C[C@@H]3\N=C(/NCc4nccn4C3=O)\[C@@H]5CCN5S(=O)(=O)c6ccccc6)cc2,P26010
Cc1cccc(c1NC(=O)Nc2ccc(cc2)CC(=O)Nc3ccc(c(c3)CCC(=O)NCCCCCCCCCCCCN)OCC(=O)O)C,P05556
Cc1cccc(C)c1NC(=O)Nc2ccc(CC(=O)Nc3ccc(OCC(=O)O)c(CCC(=O)NCCCCCCCCCCCCNC(=O)CCCC[C@@H]4SC[C@@H]5NC(=O)N[C@H]45)c3)cc2,P05556
Cc1cccc(C)c1NC(=O)Nc2ccc(CC(=O)NCCCCCCCCCCCCNC(=O)CCCC[C@@H]3SC[C@@H]4NC(=O)N[C@H]34)cc2,P05556
N[C@@H](Cc1ccc(O)cc1)C(=O)N[C@H]2CSSC[C@H](NC(=O)CCNC2=O)C(=O)O,P05556
N[C@@H](Cc1ccc(O)cc1)C(=O)N[C@H]2CSSC[C@H](NC(=O)[C@H](CC3CCCCC3)NC2=O)C(=O)O,P05556
C[C@@H]1NC(=O)[C@H](CSSC[C@H](NC(=O)[C@@H](NC1=O)C2CCCCC2)C(=O)O)NC(=O)[C@@H](N)Cc3ccc(O)cc3,P05556
C[C@@H]1NC(=O)[C@H](CSSC[C@H](NC(=O)[C@@H]2CC(CN2C1=O)Oc3ccccc3)C(=O)O)NC(=O)[C@@H](N)Cc4ccc(O)cc4,P05556
OC[C@@H]1NC(=O)[C@H](CSSC[C@H](NC(=O)[C@@H]2CCCN2C1=O)C(=O)O)NC(=O)c3cccc4ccccc34,P05556
OC[C@@H]1NC(=O)[C@H](CSSC[C@H](NC(=O)[C@@H]2CCCN2C1=O)C(=O)O)NC(=O)c3cccc4c3Cc5ccccc45,P05556
C[C@@H]1NC(=O)[C@H](CSSC[C@H](NC(=O)[C@@H]2CCCCN2C1=O)C(=O)O)NC(=O)[C@@H]3[C@@H](CCN3C(=O)C)c4ccc(O)cc4,P05556
N[C@@H](Cc1ccccc1)C(=O)N[C@H]2CSSC[C@H](NC(=O)[C@@H]3CCCN3C(=O)[C@H](CO)NC2=O)C(=O)O,P05556
N[C@@H](Cc1ccc(O)cc1)C(=O)N[C@H]2CSSC[C@H](NC(=O)[C@@H](NC2=O)C3CCCCC3)C(=O)O,P05556
C[C@@H]1NC(=O)[C@H](CSSC[C@H](NC(=O)[C@@H]2CC(O)CN2C1=O)C(=O)O)NC(=O)[C@@H](N)Cc3ccc(O)cc3,P05556
C[C@@H]1NC(=O)[C@H](CSSC[C@H](NC(=O)C2(Cc3ccccc3C2)NC1=O)C(=O)O)NC(=O)[C@@H](N)Cc4ccc(O)cc4,P05556
C[C@@H]1NC(=O)[C@H](CSSC[C@H](NC(=O)CN(C)C1=O)C(=O)O)NC(=O)[C@H](Cc2ccc(O)cc2)NC(=O)C,P05556
OC(=O)\C(=C\c1ccc(OCc2c(Cl)cccc2Cl)cc1)\NC(=O)c3cccnc3Cl,P05556
Cn1cc(C(=O)Nc2cc(Cl)c(CC(=O)N3C[C@@H](F)C[C@H]3CO[C@@H]4CC[C@H](CC4)C(=O)O)cc2Cl)c5ccccc15,P05556
OC(=O)[C@@H]1CC[C@H](CC1)OC[C@@H]2C[C@H](F)CN2C(=O)Cc3ccc(NC(=O)c4nsc5ccccc45)c(Cl)c3,P05556
OC(=O)[C@@H]1CC[C@H](CC1)OC[C@@H]2C[C@H](F)CN2C(=O)Cc3ccc(Nc4oc5c(F)cccc5n4)c(Cl)c3,P05556
OC(=O)[C@@H]1CC[C@H](CC1)OC[C@@H]2C[C@H](F)CN2C(=O)Cc3ccc(NC(=O)c4c[nH]c5ccccc45)c(Cl)c3,P05556
OC(=O)[C@@H]1CC[C@H](CC1)OC[C@@H]2C[C@H](F)CN2C(=O)Cc3cc(Cl)c(NC(=O)c4nccc5ccccc45)cc3F,P05556
OC(=O)[C@@H]1CC[C@H](CC1)OC[C@@H]2C[C@H](F)CN2C(=O)Cc3cc(Cl)c(NC(=O)c4noc5ccccc45)cc3F,P05556
Cc1cccc2oc(Nc3ccc(CC(=O)N4C[C@@H](F)C[C@H]4CO[C@@H]5CC[C@H](CC5)C(=O)O)cc3Cl)nc12,P05556
OC(=O)[C@@H]1CC[C@H](CC1)OC[C@@H]2C[C@H](F)CN2C(=O)Cc3ccc(Nc4oc5cc(F)ccc5n4)c(Cl)c3,P05556
Cc1c(F)cccc1Nc2oc3c(F)c(CC(=O)N4C[C@@H](F)C[C@H]4CO[C@@H]5CC[C@H](CC5)C(=O)O)ccc3n2,P05556
Cc1ccccc1NC(=O)Nc2ccc(cc2)CC(=O)N(CCC(C)C)CC(=O)NC(CC(=O)[O-])c3ccccc3,P05556
Cc1cccc(c1NC(=O)Nc2ccc(cc2)CC(=O)Nc3ccc(c(c3)CCC(=O)NCCOCCOCCOCCOCCOCCN)OCC(=O)O)C,P05556
CCN(C)c1ncc(c(N[C@@H](Cc2ccc(OC(=O)N(C)C)cc2)C(=O)O)n1)c3ccccc3C,P05556
Cc1ccccc1NC(=O)Nc2ccc(CC(=O)N3CCCC3C(=O)Nc4ccc(cc4)C(=O)O)cc2,P05556
OC(=O)[C@H](CNC(=O)NCc1ccccc1)NC(=O)[C@@H]2CCCN2S(=O)(=O)c3ccc4ccccc4c3,P05556
Cc1cc(C)cc(c1)S(=O)(=O)N2CCC[C@H]2C(=O)N[C@@H](CNC(=O)NCc3ccccc3)C(=O)O,P05556
FC(F)(F)C(=O)NC(=O)[C@H](Cc1ccc(NC(=O)c2c(Cl)cncc2Cl)cc1)NC(=O)[C@@H]3CCCN3S(=O)(=O)c4cc(Cl)cc(Cl)c4,P05556
Clc1cc(Cl)cc(c1)S(=O)(=O)N2CCC[C@H]2C(=O)N[C@@H](Cc3ccc(NC(=O)c4c(Cl)cncc4Cl)cc3)c5nn[nH]n5,P05556
Cc1ccccc1NC(=O)Nc2ccc(CC(=O)N3CCCC3C(=O)N4CCC(CC4)C(=O)O)cc2,P05556
COc1cc(CC(=O)N2CCCC2C(=O)N3CCN(CC(=O)O)CC3)ccc1NC(=O)Nc4ccccc4C,P05556
Cc1ccccc1NC(=O)Nc2ccc(CC(=O)N3CCCC3C(=O)NCC4CCC(CC4)C(=O)O)cc2,P05556
Cc1ccccc1NC(=O)Nc2ccc(CC(=O)N3CCCC3C(=O)NCCC(=O)O)cc2,P05556
Cc1ccccc1NC(=O)Nc2ccc(CC(=O)N3CCCCC3C(=O)NCCCCC(=O)O)cc2,P05556
Cc1ccccc1NC(=O)Nc2ccc(CC(=O)N3CCCC3C(=O)N4CCN(CC(=O)O)CC4)cc2,P05556
Cc1ccccc1NC(=O)Nc2ccc(CC(=O)N3CCOCC3C(=O)NCCCCC(=O)O)cc2,P05556
CC(C)CN(C)c1ncc(c(N[C@@H](Cc2ccc(OC(=O)N(C)C)cc2)C(=O)O)n1)c3ccccc3C,P05556
CCC\N=C/1\C(\C(=C1O)O)=N\[C@@H](Cc2ccc(cc2)c3ccccc3OC)C(=O)O,P05556
OC(=O)[C@H](Cc1ccc(NC(=O)c2c(Cl)cncc2Cl)cc1)NC(=O)[C@@H]3C[C@H](CN3S(=O)(=O)c4cccc(c4)C#N)n5cncn5,P05556
COc1nc(N[C@@H](Cc2ccc(cc2)N(C)C(=O)c3c(Cl)cncc3Cl)C(=O)O)nc(OC)n1,P05556
OC(=O)[C@H](Cc1ccc(NC(=O)c2c(Cl)cncc2Cl)cc1)NC(=O)c3c(Cl)cncc3Cl,P05556
OC(=O)CCN1CCS[C@H](CC(=O)O)C(=O)N[C@@H](Cc2ccc(O)cc2)C1=O,P05556
CC(C)C[C@H](NC(=O)Cc1ccc(NC(=O)Nc2ccccc2I)cc1)C(=O)N[C@@H](CC(=O)O)C(=O)N[C@@H](C(C)C)C(=O)O,P05556
Cc1ccccc1NC(=O)Nc2ccc(CC(=O)Nc3cccc(CCC(=O)O)c3)cc2,P05556
Cc1ccccc1NC(=O)Nc2ccc(CC(=O)Nc3cccc(NC(=O)NCC(=O)O)c3)cc2,P05556
Cc1ccccc1NC(=O)Nc2ccc(CC(=O)Nc3cccc(c3)C(O)CC(=O)O)cc2,P05556
Cc1ccccc1NC(=O)Nc2ccc(CC(=O)Nc3cn(CCC(=O)O)c(C)n3)cc2,P05556
NC(=O)C1(CCCCC1)NC(=O)[C@@H](CCCC(=O)O)NC(=O)[C@@H](CCCCNC(=O)\C=C\c2cccnc2)NC(=O)Cc3ccc(Nc4nc5cc(Br)ccc5[nH]4)cc3,P05556
Cc1cccc2[nH]c(Nc3ccc(cc3)C(=O)N[C@H](CCCCNC(=O)\C=C\c4cccnc4)C(=O)N[C@H](CCCC(=O)O)C(=O)NC5(CCCCC5)C(=O)N)nc12,P05556
CC(C(=O)N[C@H](CCCCNC(=O)\C=C\c1cccnc1)C(=O)N[C@H](CCCC(=O)O)C(=O)NC2(CCCCC2)C(=O)N)c3ccc(Nc4nc5ccccc5[nH]4)cc3,P05556
NC(=O)C1(CCCCC1)NC(=O)[C@@H](CCCC(=O)O)NC(=O)[C@@H](CCCCNC(=O)\C=C\c2cccnc2)NC(=O)c3cccc(Nc4nc5ccccc5[nH]4)c3,P05556
NC(=O)C1(CCCCC1)NC(=O)[C@@H](CCCC(=O)O)NC(=O)[C@@H](CCCCNC(=O)\C=C\c2cccnc2)NC(=O)CCc3ccc(Nc4nc5ccccc5[nH]4)cc3,P05556
NC(=O)C1(CCCCC1)NC(=O)[C@@H](CCCC(=O)O)NC(=O)[C@@H](CCCCNC(=O)\C=C\c2cccnc2)NC(=O)c3ccc(Nc4nc5ccccc5[nH]4)cc3,P05556
Cc1ccccc1NC(=O)Nc2ccc(cc2)C(=O)N[C@H](CCCCNC(=O)\C=C\c3cccnc3)C(=O)N[C@H](CCCC(=O)O)C(=O)NC4(CCCCC4)C(=O)N,P05556
NC(=O)C1(CCCCC1)NC(=O)[C@@H](CCCC(=O)O)NC(=O)[C@@H](CCCCNC(=O)\C=C\c2cccnc2)NC(=O)Cc3ccc(Nc4nc5ccccc5[nH]4)cc3,P05556
Cc1cccc2[nH]c(Nc3ccc(CC(=O)N[C@H](CCCCNC(=O)\C=C\c4cccnc4)C(=O)N[C@H](CCCC(=O)O)C(=O)NC5(CCCCC5)C(=O)N)cc3)nc12,P05556
OC(=O)[C@H](Cc1ccc(OC(=O)N2CCCC2)cc1)NC(=O)[C@@H]3CCCN3S(=O)(=O)c4ccccc4,P05556
CN(C(=O)Oc1ccc(C[C@H](NC(=O)[C@]2(C)CCCN2S(=O)(=O)c3cc(Cl)cc(Cl)c3)C(=O)O)cc1)c4ccccc4,P26010
CC(C)N(C(C)C)C(=O)Oc1ccc(C[C@H](NC(=O)[C@]2(C)CCCN2S(=O)(=O)c3cc(Cl)cc(Cl)c3)C(=O)O)cc1,P26010
CC(C)(C)OC(=O)COc1cccc(C[C@H](NC(=O)[C@]2(C)CCCN2S(=O)(=O)c3cc(Cl)cc(Cl)c3)C(=O)O)c1,P26010
CC(C)(C)OC(=O)COc1ccc(C[C@H](NC(=O)[C@@H]2CCCN2S(=O)(=O)c3cc(Cl)cc(Cl)c3)C(=O)O)cc1,P05556
CCCCOc1ccc(C[C@H](NC(=O)[C@@H]2CCCN2S(=O)(=O)c3cc(Cl)cc(Cl)c3)C(=O)O)cc1,P05556
OC(=O)[C@H](Cc1ccc(OCc2nn[nH]n2)cc1)NC(=O)[C@@H]3CCCN3S(=O)(=O)c4cc(Cl)cc(Cl)c4,P05556
C[C@]1(CCCN1S(=O)(=O)c2cc(Cl)cc(Cl)c2)C(=O)N[C@@H](Cc3ccc(OC(=O)N4CCCC4)cc3)C(=O)O,P26010
CS(=O)(=O)N1CCC[C@H]1C(=O)N[C@@H](Cc2ccc(OC(=O)N3CCCC3)cc2)C(=O)O,P05556
OC(=O)[C@H](Cc1ccc(OC(=O)c2ccccc2)cc1)NC(=O)[C@@H]3CCCN3S(=O)(=O)c4cc(Cl)cc(Cl)c4,P05556
COCCOc1ccc(C[C@H](NC(=O)[C@@H]2CCCN2S(=O)(=O)c3cc(Cl)cc(Cl)c3)C(=O)O)cc1,P05556
OC(=O)[C@H](Cc1ccc(OC(=O)N2CCCC2)cc1)NC(=O)[C@@H]3CCCN3S(=O)(=O)c4cc(Cl)cc(Cl)c4,P05556
OC(=O)[C@H](Cc1ccc(OCC#N)cc1)NC(=O)[C@@H]2CCCN2S(=O)(=O)c3cc(Cl)cc(Cl)c3,P05556
CC(C)(C)Oc1cccc(C[C@H](NC(=O)[C@]2(C)CCCN2S(=O)(=O)c3cc(Cl)cc(Cl)c3)C(=O)O)c1,P26010
OC(=O)[C@H](Cc1ccc(OC(=O)C2CCCC2)cc1)NC(=O)[C@@H]3CCCN3S(=O)(=O)c4cc(Cl)cc(Cl)c4,P05556
CC(=O)COc1ccc(C[C@H](NC(=O)[C@@H]2CCCN2S(=O)(=O)c3cc(Cl)cc(Cl)c3)C(=O)O)cc1,P05556
C[C@]1(CCCN1S(=O)(=O)c2cc(Cl)cc(Cl)c2)C(=O)N[C@@H](Cc3ccc(OC(=O)N4CCOCC4)cc3)C(=O)O,P26010
OC(=O)[C@H](Cc1ccc(OCc2ccccc2)cc1)NC(=O)[C@@H]3CCCN3S(=O)(=O)c4cc(Cl)cc(Cl)c4,P05556
COc1ccccc1c2ccc(C[C@H](NC(=O)C3(CCCC3)c4cnccc4C)C(=O)O)cc2,P26010
COc1ccccc1c2ccc(C[C@H](NC(=O)C3(CCCC3)c4cnc5ccccc5c4)C(=O)O)cc2,P26010
COc1ccccc1c2ccc(C[C@H](NC(=O)C3(CCCC3)c4ccc[n+]([O-])c4)C(=O)O)cc2,P26010
COc1ccccc1c2ccc(C[C@H](NC(=O)C3(CCCC3)c4cncc5ccccc45)C(=O)O)cc2,P26010
COc1ccccc1c2ccc(C[C@H](NC(=O)C3(CC=CC3)c4cccnc4)C(=O)O)cc2,P26010
OC(=O)[C@H](Cc1ccc(NC(=O)c2c(Cl)cncc2Cl)cc1)NC(=O)[C@@H]3C[C@H](CN3S(=O)(=O)c4cccc(c4)C#N)N5CC(F)C5,P05556
OC(=O)[C@H](Cc1ccc(NC(=O)c2c(Cl)cncc2Cl)cc1)NC(=O)[C@@H]3C[C@H](CN3S(=O)(=O)c4cccc(c4)C#N)N5CCC(F)(F)CC5,P05556
