SMILES,UniProt1,UniProt2
O=C(N[C@@H](Cc1cccc(OCCCCNc2ccccn2)c1)C(=O)O)c1c(Cl)cccc1Cl,P08648,P05556
CC(C)[C@@H]1NC(=O)[C@@H](Cc2c[nH]c3c(-c4ccc(C(=O)O)cc4)cccc23)NC(=O)[C@H](CC(=O)O)NC(=O)CNC(=O)[C@H](CCCNC(=N)N)NC1=O,P08648,P05556
CC(C)[C@@H]1NC(=O)[C@@H](Cc2c[nH]c3c(-c4ccc5ccc6cccc7ccc4c5c67)cccc23)NC(=O)[C@H](CC(=O)O)NC(=O)CNC(=O)[C@H](CCCNC(=N)N)NC1=O,P08648,P05556
CC(C)[C@@H]1C(=O)N[C@@H](CCCNC(=N)N)C(=O)NCC(=O)N[C@@H](CC(=O)O)C(=O)N[C@@H](Cc2c[nH]c3c(Br)cccc23)C(=O)N1C,P08648,P05556
N=C(N)NCCC[C@@H]1NC(=O)CNC(=O)C[C@@H](C(=O)O)NC(=O)[C@@H](c2ccccc2)NC(=O)[C@H]2CCCN2C1=O,P08648,P05556
O=C(CCCCNC1=NCCN1)Nc1ccc(C[C@H](NC(=O)[C@@H]2CCCN2S(=O)(=O)c2ccccc2)C(=O)O)cc1,P08648,P05556
CNc1cccc(CCOc2ccc(C[C@H](NC(=O)c3c(Cl)cncc3Cl)C(=O)O)cc2)n1,P08648,P05556
CNc1cccc(CCOc2ccc(C[C@H](NC(=O)c3c(F)cccc3Cl)C(=O)O)cc2)n1,P08648,P05556
O=C(N[C@@H](Cc1ccc(OCCc2cccc(NCC3CC3)n2)cc1)C(=O)O)c1c(Cl)cccc1Cl,P08648,P05556
O=C1NC(=O)N(c2cccc3ccccc23)C(=O)/C1=C\c1c[nH]c2ccccc12,P08648,P05556
CCCCS(=O)(=O)N[C@@H](Cc1ccc(OCCCCCCN)cc1)C(=O)O,P08648,P05556
O=C(O)C[C@H](NC(=O)CNC(=O)c1cc(O)cc(NC2=NCC(O)CN2)c1)c1cc(Cl)cc(Br)c1O,P08648,P05556
Cc1cc(F)cc(C)c1C(=O)NC(Cc1ccc(N2CCC(CNc3ccccn3)CC2)cc1)C(=O)O,P08648,P05556
O=C(N[C@@H](Cc1ccc(OCCNc2nc3ccccc3[nH]2)cc1)C(=O)O)c1c(Cl)cccc1Cl,P08648,P05556
Cc1ccnc(NCc2csc(-c3ccc(C[C@H](NC(=O)c4c(C)cc(C)cc4C)C(=O)O)cc3)c2)c1,P08648,P05556
O=C(N[C@@H](Cc1cccc(OCCCNc2ccccn2)c1)C(=O)O)c1c(Cl)cccc1Cl,P08648,P05556
Cc1ccccc1NC(=O)Nc1ccc(CC(=O)N[C@@H](CC(C)C)C(=O)N[C@@H](CC(=O)O)C(=O)N[C@H](C(=O)O)C(C)C)cc1,P08648,P05556
CNc1cccc(CCCc2csc(C[C@H](NC(=O)c3c(Cl)cccc3Cl)C(=O)O)c2)n1,P08648,P05556
Nc1ccc(CNC(=O)N2C(=O)CC2CC(=O)O)cc1.O=C(O)C(F)(F)F,P08648,P05556
NCc1ccc(NC(=O)N2C(=O)CC2CC(=O)NCCC(=O)O)cc1.O=C(O)C(F)(F)F,P08648,P05556
C#CCOC(=O)N1C[C@H](OCC(=O)NC[C@H](NS(=O)(=O)c2c(C)cc(C)cc2C)C(=O)O)C[C@H]1CNc1ccccn1,P08648,P05556
CNc1cccc(CCOc2ccc(C[C@H](NC(=O)c3c(Cl)cccc3Cl)C(=O)O)cc2)n1,P08648,P05556
CNc1cccc(CCOc2ccc(C[C@H](NC(=O)C3(C)CCCCC3)C(=O)O)cc2)n1,P08648,P05556
O=C(CNC(=O)c1cnc(NC(=O)NCc2ccccc2)o1)NC[C@H](NC(=O)OCc1ccccc1)C(=O)O,P08648,P05556
Cc1ccnc(NCc2cnc(-c3ccc(C[C@H](NC(=O)c4c(C)cc(C)cc4C)C(=O)O)cc3)s2)c1,P08648,P05556
O=C(CO[C@@H]1C[C@@H](CNc2ccccn2)N(C(=O)OCc2ccccc2)C1)NC[C@H](NC(=O)CCc1ccccc1)C(=O)O,P08648,P05556
Cc1cccc(C)c1C(=O)N[C@@H](CNC(=O)CO[C@@H]1C[C@@H](CNc2ccccn2)N(C(=O)OCc2ccccc2)C1)C(=O)O,P08648,P05556
Cc1ccccc1NC(=O)Nc1ccc(-c2cccn(Cc3ccc(CCC(=O)O)cc3)c2=O)cc1,P08648,P05556
Nc1cccc(CCOc2ccc(C[C@H](NC(=O)c3c(Cl)cccc3Cl)C(=O)O)cc2)n1,P08648,P05556
Cc1cc(C)n(-c2cccc([C@H](CC(=O)O)CN3CC[C@@H](CCc4ccc5c(n4)NCCC5)C3)c2)n1,P08648,P05556
CNc1cccc(CCCc2ccc(C[C@H](NC(=O)c3c(Cl)cccc3Cl)C(=O)O)cc2)n1,P08648,P05556
CN1C(=O)[C@H](C2CCCCC2)NC(=O)[C@H](CC(=O)O)NC(=O)CNC(=O)[C@H](CCCNC(=N)N)NC(=O)CC[C@H]1C(N)=O,P08648,P05556
O=C(CCCNc1ccccn1)Nc1ccc(C[C@H](NC(=O)[C@@H]2CCCN2S(=O)(=O)c2ccccc2)C(=O)O)cc1,P08648,P05556
O=C(N[C@@H](Cc1cccc(OCCNc2ccccn2)c1)C(=O)O)c1c(Cl)cccc1Cl,P08648,P05556
N[C@@H](CNC(=O)CO[C@@H]1C[C@@H](CNc2ccccn2)N(C(=O)OCc2ccccc2)C1)C(=O)O,P08648,P05556
COc1cccc(OC)c1C(=O)N[C@@H](CNC(=O)CO[C@@H]1C[C@@H](CNc2ccccn2)N(C(=O)OCc2ccccc2)C1)C(=O)O,P08648,P05556
CC(C)c1cc(C(C)C)c(C(=O)N[C@@H](CNC(=O)CO[C@@H]2C[C@@H](CNc3ccccn3)N(C(=O)OCc3ccccc3)C2)C(=O)O)c(C(C)C)c1,P08648,P05556
COc1ccnc(NC[C@@H]2C[C@@H](OCC(=O)NC[C@H](NS(=O)(=O)c3c(C)cc(C)cc3C)C(=O)O)CN2C(=O)OCc2ccccc2)c1,P08648,P05556
Cc1cc(C)c(S(=O)(=O)N[C@@H](CNC(=O)CO[C@@H]2C[C@@H](CNc3ccccn3)N(C(=O)CC(C)(C)C)C2)C(=O)O)c(C)c1,P08648,P05556
C[C@H](CC(=O)O)NC(=O)CN1CCC[C@@H](CCC2CCNCC2)C1=O,P08648,P05556
CCc1cccc(C)c1C(=O)NC(Cc1ccc(N2CCC(CNc3ccccn3)CC2)cc1)C(=O)O,P08648,P05556
CNc1cccc(CCOc2ccc3c(ccn3CCC(=O)O)c2)n1,P08648,P05556
N=C(N)Nc1cccc(C(=O)NNC(=O)NC[C@H](NC(=O)[C@@H]2CCCN2S(=O)(=O)c2ccccc2)C(=O)O)c1,P08648,P05556
N=C(N)Nc1cccc(C(=O)Nc2ccc(SC(CC(=O)O)c3cccnc3)cc2)c1,P08648,P05556
CNc1cccc(CCOc2ccc(C[C@H](NC(=O)c3c(Cl)cccc3Cl)C(=O)O)nc2)n1,P08648,P05556
CNc1cccc(CCOc2ccc3c(CCC(=O)O)coc3c2)n1,P08648,P05556
CC(=O)N1CSC[C@@H]1C(=O)N[C@@H](Cc1ccc(OCc2c(Cl)cccc2Cl)cc1)C(=O)O,P08648,P05556
CCCCCCCC(=O)Nc1cc(NC(=N)N)cc(C(=O)NCC(=O)NC[C@H](NC(=O)[C@@H]2CCCN2S(=O)(=O)c2ccccc2)C(=O)O)c1,P08648,P05556
O=C(CO[C@@H]1C[C@@H](CNc2ccccn2)N(C(=O)OCc2ccccc2)C1)NC[C@H](NC(=O)Nc1ccc(-c2ccccc2)cc1)C(=O)O,P08648,P05556
Cc1ccc(C[C@@H](CC(=O)O)NC(=O)CO[C@@H]2C[C@@H](CNc3ccccn3)N(C(=O)OCc3ccccc3)C2)cc1,P08648,P05556
N=C(N)NCCC[C@@H]1NC(=O)[C@H](CCCCN)NC(=O)[C@@H](Cc2ccccc2)NC(=O)[C@H](CC(=O)O)NC(=O)CNC1=O,P08648,P05556
O=C(CO[C@@H]1C[C@@H](CNc2ccccn2)N(C(=O)OCc2ccccc2)C1)NC[C@H](NC(=O)C1CCCCC1)C(=O)O,P08648,P05556
NC(N)=NCCC[C@H](N)C(=O)NCC(=O)N[C@@H](CC(=O)O)C(=O)N[C@@H](Cc1c[nH]c2ccccc12)C(=O)O,P08648,P05556
COc1ccnc(NC[C@@H]2C[C@@H](OCC(=O)NC[C@H](NS(=O)(=O)c3c(C)cc(C)cc3C)C(=O)O)CN2C(=O)CC(C)(C)C)c1,P08648,P05556
CCC(C)(C)C(=O)N[C@@H](CNC(=O)CO[C@@H]1C[C@@H](CNc2ccccn2)N(C(=O)OCc2ccccc2)C1)C(=O)O,P08648,P05556
O=C(CO[C@@H]1C[C@@H](CNc2ccccn2)N(C(=O)OCc2ccccc2)C1)NC[C@H](NC(=O)c1cc(C(F)(F)F)cc(C(F)(F)F)c1)C(=O)O,P08648,P05556
N=C(N)NCCC[C@@H]1NC(=O)CNC(=O)C[C@@H](C(=O)O)NC(=O)[C@@H](c2ccccc2)NC(=O)[C@@H](Cc2c[nH]c3ccccc23)NC1=O,P08648,P05556
N=C(N)Nc1cccc(C(=O)Nc2ccc(C[C@H](NC(=O)[C@@H]3CCCN3S(=O)(=O)c3ccccc3)C(=O)O)cc2)c1,P08648,P05556
O=C(O)CC1c2ccccc2C(=O)N(CC(=O)NC[C@H]2CC[C@H](Nc3nc4ccccc4[nH]3)CC2)c2ccccc21,P08648,P05556
O=C(O)CC1CC(=O)N1,P08648,P05556
COc1ccc([C@H](CC(=O)O)N2CCN(CCCc3ccc4c(n3)NCCC4)C2=O)cn1,P08648,P05556
C/C=C/[C@H](CC(=O)O)NC(=O)CN(CCCOC)C(=O)Cc1ccc(NC(=O)Nc2ccccc2C)cc1,P08648,P05556
COc1ccnc(NC[C@@H]2C[C@@H](OCC(=O)NC[C@H](NC(=O)c3c(C)cc(C)cc3C)C(=O)O)CN2C(=O)OCc2ccccc2)c1,P08648,P05556
O=C(N[C@@H](Cc1ccc(OCCCCNc2ccccn2)cc1)C(=O)O)c1c(Cl)cccc1Cl,P08648,P05556
CNc1cccc(CCOc2ccc(C[C@H](NC(=O)c3c(C)cc(C)cc3C)C(=O)O)cc2)n1,P08648,P05556
N=C(N)NCCC[C@@H]1NC(=O)CC(=O)N[C@H](CC(=O)O)C(=O)N[C@H](Cc2ccccc2)CNC1=O,P08648,P05556
Cc1cc(C)c(S(=O)(=O)N[C@@H](CNC(=O)CO[C@@H]2C[C@@H](CNc3ncccn3)N(C(=O)OCc3ccccc3)C2)C(=O)O)c(C)c1,P08648,P05556
Cc1cc(C(=O)N2CC(Oc3ccc(C[C@H](NC(=O)c4c(Cl)cccc4Cl)C(=O)O)cc3)C2)ccc1F,P08648,P05556
CN1C(=O)[C@H](CC(=O)O)NC(=O)CNC(=O)[C@H](CCCNC(=N)N)NC(=O)c2ccc(cc2)-c2cccc3c(c[nH]c23)C[C@@H]1C(N)=O,P08648,P05556
Cc1cc(C)c(S(=O)(=O)N[C@@H](CNC(=O)CO[C@@H]2C[C@@H](CNc3ccccn3)N(S(=O)(=O)Cc3ccccc3)C2)C(=O)O)c(C)c1,P08648,P05556
O=C(NCc1ccccc1)NC[C@H](NC(=O)[C@@H]1CCCN1S(=O)(=O)c1ccc2ccccc2c1)C(=O)O,P08648,P05556
COc1ccnc(NC[C@@H]2C[C@@H](OCC(=O)NC[C@H](NC(=O)C3(C)CCCCC3)C(=O)O)CN2C(=O)CC(C)(C)C)c1,P08648,P05556
Cc1ccccc1NC(=O)Nc1ccc(CC(=O)N[C@@H](CC(C)C)C(=O)N[C@@H](CC(=O)O)C(=O)N[C@H](C(=O)N2CCC[C@H]2C(=O)O)C(C)C)cc1,P08648,P05556
O=C(NCc1ccccc1)NC[C@H](NC(=O)[C@@H]1CCCN1S(=O)(=O)c1ccccc1)C(=O)O,P08648,P05556
CCCN(C(=O)CC(=O)O)C1=C(C)CC(c2ccccc2)N(Cc2ccc(C(=N)N)cc2)C1=O,P08648,P05556
Cc1cc(C)c(C(=O)N[C@@H](Cc2ccc(OCCCNc3ccccn3)cc2)C(=O)O)c(C)c1,P08648,P05556
N=C(N)NCCC[C@@H]1NC(=O)CC(=O)N[C@@H](CC(=O)O)C(=O)N[C@@H](Cc2ccccc2)CNC1=O,P08648,P05556
O=C(N[C@@H](Cc1ccc(CCCCNc2ccccn2)cc1)C(=O)O)c1c(Cl)cccc1Cl,P08648,P05556
N=C(N)Nc1cccc(C(=O)NCC(=O)NC[C@H](NC(=O)[C@@H]2CCCN2S(=O)(=O)c2ccccc2)C(=O)O)c1,P08648,P05556
CN(C)c1cccc(CCOc2ccc(C[C@H](NC(=O)c3c(Cl)cccc3Cl)C(=O)O)cc2)n1,P08648,P05556
Cc1cc(C)c(S(=O)(=O)N[C@@H](CNC(=O)CO[C@@H]2C[C@@H](CNc3ccccn3)N(CCCc3ccccc3)C2)C(=O)O)c(C)c1,P08648,P05556
O=C(CO[C@@H]1C[C@@H](CNc2ccccn2)N(C(=O)OCc2ccccc2)C1)NC[C@H](NC(=O)c1ccccc1-c1ccccc1)C(=O)O,P08648,P05556
NCCOCCOCCOCCOCCOCCOCC(=O)Nc1cc(C[C@H](NS(=O)(=O)c2cccc(C(F)(F)F)c2)C(=O)O)ccc1OCCCc1ccc2c(n1)NCCC2,P08648,P05556
N=C(N)NCCC[C@@H]1NC(=O)CNC(=O)C[C@@H](C(=O)O)NC(=O)[C@@H](c2ccccc2)NC(=O)[C@@H](Cc2ccc(O)cc2)NC1=O,P08648,P05556
Cc1ccnc(NCCCC(=O)NCC(=O)NC(CC(=O)O)c2ccc(-c3cccc4ccccc34)cc2)c1.O=C(O)C(F)(F)F,P08648,P05556
O=C(CO[C@@H]1C[C@@H](CNc2ccccn2)N(C(=O)OCc2ccccc2)C1)NC[C@H](NS(=O)(=O)c1ccccc1)C(=O)O,P08648,P05556
Cc1cc(C)c(S(=O)(=O)N[C@@H](CNC(=O)CO[C@@H]2C[C@@H](CNc3cccc(C)n3)N(C(=O)OCc3ccccc3)C2)C(=O)O)c(C)c1,P08648,P05556
CC1(C(=O)N[C@@H](CNC(=O)CO[C@@H]2C[C@@H](CNc3ccccn3)N(C(=O)OCc3ccccc3)C2)C(=O)O)CCCCC1,P08648,P05556
CNc1cccc(CCOc2ccc(C[C@H](NC(=O)c3ccccc3Cl)C(=O)O)cc2)n1,P08648,P05556
CCc1cc(F)cc(C)c1C(=O)N[C@H](Cc1ccc(N2CCC(CNc3ccccn3)CC2)cc1)C(=O)O,P08648,P05556
Cc1ccc(S(=O)(=O)N[C@@H](CNC(=O)c2cc3n(n2)CCCN(CCC2CCNCC2)C3=O)C(=O)O)cc1,P08648,P05556
C[Si]1(C)C[C@@H]2C(=O)N[C@@H](CCCNC(=N)N)C(=O)NCC(=O)N[C@@H](CC(=O)O)C(=O)N[C@H](Cc3ccccc3)C(=O)N2C1.O=C(O)C(F)(F)F,P08648,P05556
N=C(N)Nc1cccc(C(=O)NCC(=O)N[C@@H](CC(=O)O)C(=O)Nc2ccccc2)c1,P08648,P05556
Cc1cc(C)c(S(=O)(=O)N[C@@H](CNC(=O)CO[C@@H]2C[C@@H](CNc3ccccn3)N(C(=O)CCc3ccccc3)C2)C(=O)O)c(C)c1,P08648,P05556
O=C1NC(=O)N(c2ccccc2)C(=O)/C1=C\c1ccco1,P08648,P05556
CNc1cccc(CCOc2ccc3c(CCC(=O)O)csc3c2)n1,P08648,P05556
CN1CC(=O)N[C@@H](CC(=O)O)C(=O)N[C@@H](C2CCCCC2)C(=O)N[C@H](C(N)=O)CCC(=O)N[C@@H](CCCNC(=N)N)C1=O,P08648,P05556
CNc1cccc(CCOc2ccc(C[C@H](NC(=O)c3ccccc3)C(=O)O)cc2)n1,P08648,P05556
CN1C(=O)CNC(=O)[C@H](CCCNC(=N)N)NC(=O)CC[C@@H](C(N)=O)NC(=O)[C@H](C2CCCCC2)NC(=O)[C@@H]1CC(=O)O,P08648,P05556
CNc1cccc(CCOc2ccc(C[C@H](NC(=O)c3c(Cl)cccc3Cl)C(=O)O)cc2C)n1,P08648,P05556
CC(C)[C@H]1NC(=O)[C@H](Cc2c[nH]c3c(Br)cccc23)NC(=O)[C@H](CC(=O)O)NC(=O)CNC(=O)[C@H](CCCNC(=N)N)NC1=O,P08648,P05556
COC(=O)CCc1ccc(Cn2cccc(-c3ccc(NC(=O)Nc4ccccc4C)cc3)c2=O)cc1,P08648,P05556
N=C(N)Nc1cc(NC(=O)CNC(=O)C23CC4CC(CC(C4)C2)C3)cc(C(=O)NCC(=O)NC[C@H](NC(=O)[C@@H]2CCCN2S(=O)(=O)c2ccccc2)C(=O)O)c1,P08648,P05556
N=C(N)Nc1cc(NC(=O)CCCC(=O)NC23CC4CC(CC(C4)C2)C3)cc(C(=O)NCC(=O)NC[C@H](NC(=O)[C@@H]2CCCN2S(=O)(=O)c2ccccc2)C(=O)O)c1,P08648,P05556
N=C(N)Nc1cc(NC(=O)CCCCNC(=O)C23CC4CC(CC(C4)C2)C3)cc(C(=O)NCC(=O)NC[C@H](NC(=O)[C@@H]2CCCN2S(=O)(=O)c2ccccc2)C(=O)O)c1,P08648,P05556
CC(C)(C)CC(=O)N1C[C@H](OCC(=O)NC[C@H](NC(=O)C2(C)CCCCC2)C(=O)O)C[C@H]1CNc1ccccn1,P08648,P05556
Cc1cc(C)c(S(=O)(=O)N[C@@H](CNC(=O)CO[C@@H]2C[C@@H](CNc3cc[nH]n3)N(C(=O)OCc3ccccc3)C2)C(=O)O)c(C)c1,P08648,P05556
O=C(O)CC1CC(=O)N1C(=O)NCc1ccccc1,P08648,P05556
CCc1cc(F)ccc1C(=O)N[C@@H](Cc1ccc(OCCc2cccc(NC)n2)cc1)C(=O)O,P08648,P05556
CC(C)[C@@H]1NC(=O)[C@@H](Cc2c[nH]c3cc(Cl)ccc23)NC(=O)[C@H](CC(=O)O)NC(=O)CNC(=O)[C@H](CCCNC(=N)N)NC1=O,P08648,P05556
O=C(CO[C@@H]1C[C@@H](CNc2ccccn2)N(C(=O)OCc2ccccc2)C1)NC[C@H](NC(=O)C1(c2ccccc2)CC1)C(=O)O,P08648,P05556
CNc1cccc(CCOc2ccc(C[C@H](NC(=O)c3c(Cl)cccc3Cl)C(=O)O)cc2F)n1,P08648,P05556
Cc1cccc(C)c1C(=O)NC(Cc1ccc(N2CCC(CNc3ccccn3)CC2)cc1)C(=O)O,P08648,P05556
CCc1cc(F)cc(C)c1C(=O)NC(Cc1ccc(N2CCC(CNc3ccccn3)CC2)cc1)C(=O)O,P08648,P05556
N=C(N)NCCCCC(=O)Nc1ccc(C[C@H](NC(=O)[C@@H]2CCCCN2S(=O)(=O)c2ccccc2)C(=O)O)cc1,P08648,P05556
COC(=O)N1C[C@H](OCC(=O)NC[C@H](NS(=O)(=O)c2c(C)cc(C)cc2C)C(=O)O)C[C@H]1CNc1ccccn1,P08648,P05556
CC(C)[C@@H]1NC(=O)[C@@H](Cc2c[nH]c3cc(Br)ccc23)NC(=O)[C@H](CC(=O)O)NC(=O)CNC(=O)[C@H](CCCNC(=N)N)NC1=O,P08648,P05556
N=C(N)NCCC[C@@H]1NC(=O)CNC(=O)C[C@@H](C(=O)O)NC(=O)[C@@H](c2ccccc2)NC(=O)[C@@H](CCC(=O)O)NC1=O,P08648,P05556
CC(C)C[C@H]1NC(=O)[C@H](CC(=O)O)NC(=O)CNC(=O)[C@H](CCCN=C(N)N)NC(=O)[C@@H](Cc2c[nH]cn2)NC(=O)CNC(=O)[C@@H](N)CCC/N=C(/N)NC(=O)[C@H](N)C2(CCCCC2)SSC[C@@H](C(=O)N[C@@H](CCCN=C(N)N)C(=O)O)NC(=O)[C@H](CCCN=C(N)N)NC1=O,P08648,P05556
N=C(N)NCCCCC(=O)Nc1ccc(C[C@H](NC(=O)[C@@H]2CCCN2S(=O)(=O)c2ccccc2)C(=O)O)cc1,P08648,P05556
Cc1ccnc(NCc2cc(-c3ccc(C[C@H](NC(=O)c4c(C)cc(C)cc4C)C(=O)O)cc3)on2)c1,P08648,P05556
CC(C)C[C@@H]1NC(=O)[C@@H]2CSSC[C@@H]3NC(=O)[C@H](CSSC[C@H](NC(=O)[C@H](C(C)C)NC(=O)[C@@H](Cc4ccccc4)NC(=O)[C@H](CC(=O)O)NC(=O)CNC(=O)[C@H](CCCNC(=N)N)NC3=O)C(=O)N[C@@H](CCCNC(=N)N)C(=O)NCC(=O)N[C@@H](CC(=O)O)C(=O)N[C@H](Cc3ccccc3)C(=O)N[C@@H](C(C)C)C(=O)N2)NC(=O)CNC(=O)CNC(=O)[C@H]([C@@H](C)O)NC(=O)[C@H](CCCCN)NC(=O)[C@@H]2CCCN2C1=O,P08648,P05556
Cc1cc(C)c(S(=O)(=O)N[C@@H](CNC(=O)CO[C@@H]2C[C@@H](CNc3cc(Cl)ccn3)N(C(=O)OCc3ccccc3)C2)C(=O)O)c(C)c1,P08648,P05556
N=C(N)NCCCCNC(=O)NC[C@H](NC(=O)[C@@H]1CCCN1S(=O)(=O)c1ccccc1)C(=O)O,P08648,P05556
COc1ccc(C[C@H]2NC(=O)[C@H](CC(=O)O)NC(=O)CNC(=O)[C@H](CCCN=C(N)N)NC(=O)[C@H]3CCCN3C(=O)[C@H](CC(N)=O)NC(=O)[C@@H](NC(C)=O)C3(CCCCC3)SSC[C@@H](C(N)=O)NC(=O)[C@H](CCCN=C(N)N)NC2=O)cc1,P08648,P05556
O=C(CO[C@@H]1C[C@@H](CNc2ccccn2)N(C(=O)OCc2ccccc2)C1)NC[C@H](NC(=O)c1ccccc1Cl)C(=O)O,P08648,P05556
COCCCN(CC(=O)N[C@@H](CC(=O)O)c1ccc(OC)c(OC)c1)C(=O)Cc1ccc(NC(=O)Nc2ccccc2C)cc1,P08648,P05556
N=C(N)NCCC[C@H](NC(=O)CN)C(=O)NCC(=O)N[C@@H](CC(=O)O)C(=O)N[C@@H](CC(N)=O)C(=O)N1CCC[C@H]1C(=O)O,P08648,P05556
N=C(N)NCCC[C@@H]1NC(=O)CNC(=O)C[C@@H](C(=O)O)NC(=O)[C@@H](c2ccccc2)NC(=O)[C@H](CCCCN)NC1=O,P08648,P05556
Cc1cc(C)c(CN[C@@H](CNC(=O)CO[C@@H]2C[C@@H](CNc3ccccn3)N(C(=O)OCc3ccccc3)C2)C(=O)O)c(C)c1,P08648,P05556
CN1CCNc2nc(CCOc3ccc(C[C@H](NC(=O)c4c(Cl)cccc4Cl)C(=O)O)cc3)ccc21,P08648,P05556
Cc1cc(C)c(S(=O)(=O)N[C@@H](CNC(=O)CO[C@@H]2C[C@@H](CNc3ccccn3)N(C(=S)Nc3ccc(-c4c5ccc(=O)cc-5oc5cc(O)ccc45)c(C(=O)O)c3)C2)C(=O)O)c(C)c1,P08648,P05556
CC(C)[C@@H]1NC(=O)[C@@H](Cc2c[nH]c3ccccc23)NC(=O)[C@H](CC(=O)O)NC(=O)CNC(=O)[C@H](CCCNC(=N)N)NC1=O,P08648,P05556
N=C(N)NCCC[C@@H]1NC(=O)CNC(=O)C[C@@H](C(=O)O)NC(=O)[C@@H](c2ccccc2)NC(=O)[C@H](Cc2ccc(O)cc2)NC1=O,P08648,P05556
CC(C)[C@@H]1NC(=O)[C@@H](Cc2c[nH]c3c(Br)cccc23)NC(=O)[C@H](CC(=O)O)NC(=O)CNC(=O)[C@H](CCCNC(=N)N)NC1=O,P08648,P05556
COc1ccc(-c2cccc3c(C[C@H]4NC(=O)[C@H](CC(=O)O)NC(=O)CNC(=O)[C@H](CCCNC(=N)N)NC(=O)[C@H](C(C)C)NC4=O)c[nH]c23)cc1,P08648,P05556
CC(C)[C@@H]1NC(=O)[C@@H](Cc2c[nH]c3c(-c4cccc(N)c4)cccc23)NC(=O)[C@H](CC(=O)O)NC(=O)CNC(=O)[C@H](CCCNC(=N)N)NC1=O,P08648,P05556
COc1ccc(C[C@H]2NC(=O)[C@H](CC(=O)O)NC(=O)CNC(=O)[C@H](CCCN=C(N)N)NC(=O)[C@H]3CCCN3C(=O)[C@H](CC(N)=O)NC(=O)[C@H](C)SSC[C@@H](C(N)=O)NC(=O)[C@H](CCCN=C(N)N)NC2=O)cc1,P08648,P05556
CC(=O)N[C@H]1CSSC[C@@H](C(N)=O)NC(=O)[C@H](CCCN=C(N)N)NC(=O)[C@@H](Cc2ccc([N+](=O)[O-])cc2)NC(=O)[C@H](CC(=O)O)NC(=O)CNC(=O)[C@H](CCCN=C(N)N)NC(=O)[C@H]2CCCN2C(=O)[C@H](CC(N)=O)NC1=O,P08648,P05556
N=C(N)Nc1cc(NC(=O)CCCN)cc(C(=O)NCC(=O)NC[C@H](NC(=O)[C@@H]2CCCN2S(=O)(=O)c2ccccc2)C(=O)O)c1,P08648,P05556
Cc1ccccc1NC(=O)N1C(=O)CC1CC(=O)NCCC(=O)O,P08648,P05556
Nc1ccc(CNC(=O)N2C(=O)C[C@H]2C(=O)O)cc1.O=C(O)C(F)(F)F,P08648,P05556
CC(C)[C@@H]1NC(=O)[C@@H](Cc2c[nH]c3c(Cl)cccc23)NC(=O)[C@H](CC(=O)O)NC(=O)CNC(=O)[C@H](CCCNC(=N)N)NC1=O,P08648,P05556
N=C(N)NCCCCC(=O)NCC(=O)NC(CC(=O)O)c1cccnc1,P08648,P05556
Cc1ccnc(NCC2CC(=O)N(c3ccc(C[C@H](NC(=O)c4c(C)cc(C)cc4C)C(=O)O)cc3)C2)c1,P08648,P05556
CNc1cccc(CCOc2c(C)cc(C[C@H](NC(=O)c3c(Cl)cccc3Cl)C(=O)O)cc2C)n1,P08648,P05556
CNc1cccc(CCCc2ccc(C[C@H](NC(=O)c3c(Cl)cccc3Cl)C(=O)O)nc2)n1,P08648,P05556
O=c1c(C2NCCc3c2[nH]c2ccccc32)c(O)[nH]c(=S)n1Cc1ccc(F)cc1,P08648,P05556
CC(C)C[C@@H]1NC(=O)[C@@H]2CSSC[C@H](OC(=O)CNC(=O)CNC(=O)CNC(=O)[C@H]([C@H](C)O)NC(=O)[C@H](CCCCN)NC(=O)[C@@H]3CCCN3C1=O)C(=O)N[C@@H](CCCNC(=N)N)C(=O)NCC(=O)N[C@@H](CC(=O)O)C(=O)N[C@H](Cc1ccccc1)C(=O)N[C@@H](C(C)C)C(=O)N2,P08648,P05556
CC(C)C[C@@H]1NC(=O)[C@@H]2CSCc3cc4cc(c3)CSC[C@H](NC(=O)[C@H](C(C)C)NC(=O)[C@@H](Cc3ccccc3)NC(=O)[C@H](CC(=O)O)NC(=O)CNC(=O)[C@H](CCCNC(=N)N)NC(=O)[C@H](CSC4)NC(=O)CNC(=O)CNC(=O)CNC(=O)[C@H]([C@H](C)O)NC(=O)[C@H](CCCCN)NC(=O)[C@@H]3CCCN3C1=O)C(=O)N[C@@H](CCCNC(=N)N)C(=O)NCC(=O)N[C@H](CC(=O)O)C(=O)N[C@H](Cc1ccccc1)C(=O)N[C@H](C(C)C)C(=O)N2,P08648,P05556
CC(C)[C@@H]1NC(=O)[C@@H](Cc2c[nH]c3c(I)cccc23)NC(=O)[C@H](CC(=O)O)NC(=O)CNC(=O)[C@H](CCCNC(=N)N)NC1=O,P08648,P05556
CNc1cccc(CCOc2ccc(C[C@H](NC(=O)c3c(C)cccc3C)C(=O)O)cc2)n1,P08648,P05556
Cc1cc(C)c(C(=O)NC(Cc2ccc(N3CCC(CNc4ccccn4)CC3)cc2)C(=O)O)c(C)c1,P08648,P05556
COc1ccc(C[C@@H]2NC(=O)[C@@H](CC(=O)O)NC(=O)CNC(=O)[C@@H](CCCN=C(N)N)NC(=O)[C@@H]3CCCN3C(=O)[C@@H](CC(N)=O)NC(=O)[C@H](NC(C)=O)CSSC[C@H](C(N)=O)NC(=O)[C@@H](CCCCN)NC2=O)cc1,P08648,P05556
CCCN(C(=O)CCN)C1=C(C)CC(c2ccccc2)N(CCC(=O)O)C1=O,P08648,P05556
COc1cccc(CC(=O)N2C[C@H](OCC(=O)NC[C@H](NS(=O)(=O)c3c(C)cc(C)cc3C)C(=O)O)C[C@H]2CNc2ccccn2)c1,P08648,P05556
N=C(N)NCCCCCCNC(=O)NC[C@H](NC(=O)[C@@H]1CCCN1S(=O)(=O)c1ccccc1)C(=O)O,P08648,P05556
Cc1cc(C)c(C(=O)N[C@@H](CNC(=O)CO[C@@H]2C[C@@H](CNc3ccccn3)N(C(=O)OCc3ccccc3)C2)C(=O)O)c(C)c1,P08648,P05556
CNc1cccc(CCCc2ccc(C[C@H](NC(=O)c3c(Cl)cccc3Cl)C(=O)O)s2)n1,P08648,P05556
CCC(=O)N1C[C@H](OCC(=O)NC[C@H](NS(=O)(=O)c2c(C)cc(C)cc2C)C(=O)O)C[C@H]1CNc1ccccn1,P08648,P05556
Cc1ccccc1NC(=O)NCCC(=O)O,P08648,P05556
CC(C)(C)C(=O)N[C@@H](CNC(=O)CO[C@@H]1C[C@@H](CNc2ccccn2)N(C(=O)OCc2ccccc2)C1)C(=O)O,P08648,P05556
CCN(CCNC(=O)c1c(C)[nH]c(/C=C2\C(=O)Nc3ccc(F)cc32)c1C)CCOCCOCCNC(=O)c1cc(OCc2cn(CCCCN3C[C@@H]4C[C@H]3C(=O)N[C@@H](CCCNC(=N)N)C(=O)NCC(=O)N[C@@H](CC(=O)O)C(=O)N4)nn2)cc(OCc2cn(CCCCN3C[C@@H]4C[C@H]3C(=O)N[C@@H](CCCNC(=N)N)C(=O)NCC(=O)N[C@@H](CC(=O)O)C(=O)N4)nn2)c1,P08648,P05556
O=C(NCc1ccccc1)NC[C@H](NC(=O)[C@@H]1CCCN1S(=O)(=O)c1cc(Cl)cc(Cl)c1)C(=O)O,P08648,P05556
COC(=O)[C@H]1[C@@H]2NC(=O)[C@H](CC(=O)O)NC(=O)CNC(=O)[C@H](CCCNC(=N)N)NC(=O)[C@H](C(C)C)NC(=O)[C@@H]21,P08648,P05556
CNc1cccc(CCOc2ccc(C[C@H](NC(=O)c3c(C)noc3C)C(=O)O)cc2)n1,P08648,P05556
CNc1cccc(CCOc2ccc(C[C@H](NC(=O)c3sccc3Cl)C(=O)O)cc2)n1,P08648,P05556
Cc1ccnc(NCc2coc(-c3ccc(C[C@H](NC(=O)c4c(C)cc(C)cc4C)C(=O)O)cc3)c2)c1,P08648,P05556
CC(C)[C@@H]1NC(=O)[C@H](CCCNC(=N)N)NC(=O)CNC(=O)C[C@@H](C(=O)O)NC(=O)[C@@H](c2ccccc2)NC1=O,P08648,P05556
Nc1ccc(CNC(=O)NC[C@H](NC(=O)[C@@H]2CCCN2S(=O)(=O)c2ccccc2)C(=O)O)cc1,P08648,P05556
O=C(N[C@@H](CNC(=O)c1ccc(CN(Cc2nc3ccccc3[nH]2)C(=O)NC2CCCCC2)cc1)C(=O)O)OCc1ccccc1,P08648,P05556
Cc1ccccc1NC(=O)Nc1ccc(CNC(=O)C2=CCN(C(=O)CC(=O)O)[C@@H]2C2CCCCC2)cc1,P08648,P05556
O=C(N[C@@H](Cc1ccc(OCCCNc2ccccn2)cc1)C(=O)O)c1c(Cl)cccc1Cl,P08648,P05556
Cc1ccccc1NC(=O)N1C(=O)C[C@H]1C(=O)NCCC(=O)O,P08648,P05556
NC(N)=NCCC[C@H](N)C(=O)NCC(=O)N[C@@H](CC(=O)O)C(=O)O,P08648,P05556
CC(C)[C@H]1C(=O)N[C@@H](CCCNC(=N)N)C(=O)NCC(=O)N[C@@H](CC(=O)O)C(=O)N[C@H](Cc2c[nH]c3c(Br)cccc23)C(=O)N1C,P08648,P05556
Cc1cc(C)c(S(=O)(=O)N[C@@H](CNC(=O)CO[C@@H]2C[C@@H](CNc3ccccn3)N(C(=O)OCc3ccccc3)C2)C(=O)O)c(C)c1,P08648,P05556
CNc1cccc(CCOc2ccc(C[C@H](NC(=O)c3ccc(F)cc3C)C(=O)O)cc2)n1,P08648,P05556
O=C(Cc1ccc2c(n1)NCCC2)Nc1ccc(C[C@H](NC(=O)c2c(Cl)cccc2Cl)C(=O)O)cc1,P08648,P05556
N=C(N)NCCC[C@H]1NC(=O)CC(=O)N[C@H](CC(=O)O)C(=O)N[C@@H](Cc2ccccc2)CNC1=O,P08648,P05556
N=C(N)NCCCCCNC(=O)NC[C@H](NC(=O)[C@@H]1CCCN1S(=O)(=O)c1ccccc1)C(=O)O,P08648,P05556
Nc1ccc(CNC(=O)N2C(=O)CC2CC(=O)NCCC(=O)O)cc1.O=C(O)C(F)(F)F,P08648,P05556
CN1C(=O)CC[C@@H](C(N)=O)NC(=O)[C@H](C2CCCCC2)NC(=O)[C@H](CC(=O)O)NC(=O)CNC(=O)[C@@H]1CCCNC(=N)N,P08648,P05556
N=C(N)NCCC[C@@H]1NC(=O)CC[C@@H](C(N)=O)NC(=O)[C@H](C2CCCCC2)NC(=O)[C@H](CC(=O)O)NC(=O)CNC1=O,P08648,P05556
N=C(N)NCCCNC(=O)C1CCC(=O)N2CC(CCC(=O)O)C2C1,P08648,P05556
CC(C)C[C@@H]1NC(=O)[C@@H](Cc2ccccc2)NC(=O)[C@H](CC(=O)O)NC(=O)CNC(=O)[C@H](CCCNC(=N)N)N(C)C(=O)CNC1=O,P08648,P05556
Nc1cc(C[C@H](NS(=O)(=O)c2cccc(C(F)(F)F)c2)C(=O)O)ccc1OCCCc1ccc2c(n1)NCCC2,P08648,P05556
NCc1ccc(NC(=O)N2C(=O)C[C@@H]2C(=O)O)cc1.O=C(O)C(F)(F)F,P08648,P05556
O=C(CO[C@@H]1C[C@@H](CNc2ccccn2)N(C(=O)OCc2ccccc2)C1)NC[C@H](NC(=O)c1ccccc1[N+](=O)[O-])C(=O)O,P08648,P05556
O=C(CO[C@@H]1C[C@@H](CNc2ccccn2)N(C(=O)OCc2ccccc2)C1)NC[C@H](NC(=O)CCCc1ccccc1)C(=O)O,P08648,P05556
Cc1cc(C)cc(S(=O)(=O)N2CCC[C@H]2C(=O)N[C@@H](CNC(=O)NCc2ccccc2)C(=O)O)c1,P08648,P05556
CN1C(=O)[C@@H](Cc2ccccc2)NC(=O)[C@H](CC(=O)O)NC(=O)CNC(=O)[C@H](CCCNC(=N)N)NC(=O)c2ccc(cc2)-c2cccc3c(c[nH]c23)C[C@H]1C(N)=O,P08648,P05556
O=C(O)C[C@H](Cc1ccccc1)NC(=O)CO[C@@H]1C[C@@H](CNc2ccccn2)N(C(=O)OCc2ccccc2)C1,P08648,P05556
O=C(N[C@@H](Cc1ccc(OCCc2cccc(NC3CCCC3)n2)cc1)C(=O)O)c1c(Cl)cccc1Cl,P08648,P05556
N=C(N)NCCC[C@H]1NC(=O)CC(=O)N[C@H](CC(=O)O)C(=O)N[C@H](Cc2ccccc2)CNC1=O,P08648,P05556
N=C(N)Nc1cccc(C(=O)NCC(=O)N[C@@H](CC(=O)O)C(=O)NCCc2ccccc2)c1,P08648,P05556
CCCN(C(=O)CC(=O)O)C1=C(C)CC(c2ccccc2)N(Cc2ccc(N)cc2)C1=O,P08648,P05556
CN1C(=O)[C@H](Cc2ccccc2)NC(=O)[C@H](CC(=O)O)NC(=O)CNC(=O)[C@H](CCCNC(=N)N)NC(=O)CCCCCc2cccc3c(c[nH]c23)C[C@@H]1C(N)=O,P08648,P05556
Cc1ccccc1NC(=O)N1CCC1=O,P08648,P05556
CC(C)[C@@H]1NC(=O)[C@@H](Cc2c[nH]c3c(F)cccc23)NC(=O)[C@H](CC(=O)O)NC(=O)CNC(=O)[C@H](CCCNC(=N)N)NC1=O,P08648,P05556
Cc1cc(C)c(S(=O)(=O)N[C@@H](CNC(=O)C2=NO[C@]3(C2)C[C@@H](CNc2ccccn2)N(C(=O)OCc2ccccc2)C3)C(=O)O)c(C)c1,P08648,P05556
,P08648,P05556
CN1C(=O)[C@H](Cc2ccccc2)NC(=O)[C@H](CC(=O)O)NC(=O)CNC(=O)[C@H](CCCNC(=N)N)NC(=O)c2ccc(cc2)-c2cccc3c(c[nH]c23)C[C@@H]1C(N)=O,P08648,P05556
CC(C)C[C@H]1NC(=O)[C@H](CC(=O)O)NC(=O)CNC(=O)[C@H](CCCN=C(N)N)NC(=O)[C@@H](Cc2c[nH]cn2)NC(=O)CNC(=O)[C@@H](N)CCC/N=C(/N)NC(=O)[C@H](N)C2(CCCC2)SSC[C@@H](C(=O)N[C@@H](CCCN=C(N)N)C(=O)O)NC(=O)[C@H](CCCN=C(N)N)NC1=O,P08648,P05556
N=C(N)Nc1cc(NC(=O)CCNC(=O)C23CC4CC(CC(C4)C2)C3)cc(C(=O)NCC(=O)NC[C@H](NC(=O)[C@@H]2CCCN2S(=O)(=O)c2ccccc2)C(=O)O)c1,P08648,P05556
CC(C)C[C@H](NC(=O)[C@H](CO)NC(=O)[C@H](CC(=O)O)NC(=O)[C@H](CC(C)C)NC(=O)[C@H](CC(=O)O)NC(=O)[C@@H](NC(=O)[C@@H](N)CCCNC(=N)N)[C@@H](C)O)C(=O)N[C@@H](CCCNC(=N)N)C(=O)N[C@H](C(=O)O)[C@@H](C)O,P08648,P05556
CC(C)[C@@H]1NC(=O)[C@@H](Cc2c[nH]c3c(-c4c5ccccc5cc5ccccc45)cccc23)NC(=O)[C@H](CC(=O)O)NC(=O)CNC(=O)[C@H](CCCNC(=N)N)NC1=O,P08648,P05556
N=C(N)NCCC[C@@H]1NC(=O)[C@H](CCCCNC(=O)CCSCCOCCOCCOCCOCCOCCOCCO)NC(=O)[C@@H](Cc2ccccc2)NC(=O)[C@H](CC(=O)O)NC(=O)CNC1=O,P08648,P05556
N=C(N)Nc1cccc(C(=O)NCC(=O)N[C@@H](CC(=O)O)C(=O)NCc2ccc(Cl)cc2)c1,P08648,P05556
Cc1cc(C)c(C(=O)N[C@@H](CNC(=O)CO[C@@H]2C[C@@H](CNc3ccccn3)N(C(=O)CC(C)(C)C)C2)C(=O)O)c(C)c1,P08648,P05556
N=C(N)NCc1cccc(-c2ccc(C(=O)NC[C@H](NS(=O)(=O)c3ccccc3)C(=O)O)s2)c1.O=C(O)C(F)(F)F,P08648,P05556
CC(C)C[C@@H]1NC(=O)[C@@H](Cc2ccccc2)N(C)C(=O)[C@H](CC(=O)O)NC(=O)CNC(=O)[C@H](CCCNC(=N)N)NC(=O)CNC1=O,P08648,P05556
N=C(N)c1ccc(C2=NOC(CC(=O)NCCC(=O)O)C2)cc1.O=C(O)C(F)(F)F,P08648,P05556
CC(C)[C@H](NC(=O)[C@H]1CC(=O)NCC(=O)N[C@H](CC(N)=O)C(=O)N[C@@H](Cc2c[nH]c3ccccc23)C(=O)N[C@H](Cc2c[nH]cn2)C(=O)NCC(=O)N[C@H]([C@@H](C)O)C(=O)N[C@@H](C)C(=O)N2CCC[C@@H]2C(=O)N1)C(=O)N[C@H](C(=O)NCC(=O)N[C@@H](CCCN=C(N)N)C(=O)NCC(=O)N[C@@H](CC(=O)O)C(=O)N[C@@H](CO)C(=O)N1CCC[C@@H]1C(=O)N[C@@H](C)C(=O)O)[C@@H](C)O,P08648,P05556
Cc1cc(C)c(S(=O)(=O)N[C@@H](CNC(=O)C2=NO[C@]3(C2)C[C@@H](CNc2ncc[nH]2)N(C(=O)OCc2cccnc2)C3)C(=O)O)c(C)c1,P08648,P05556
CC(C)[C@H](NC(=O)[C@H](C)NC(=O)[C@H](Cc1ccc(O)cc1)NC(=O)[C@@H](N[C@H]1CC(=O)NCC(=O)N[C@H](CC(N)=O)C(=O)N[C@@H](Cc2c[nH]c3ccccc23)C(=O)N[C@H](Cc2c[nH]cn2)C(=O)NCC(=O)N[C@H]([C@@H](C)O)C(=O)N[C@@H](C)C(=O)N2CCC[C@@H]2C(=O)N1)C(C)C)C(=O)N[C@H](C(=O)NCC(=O)N[C@@H](CCCN=C(N)N)C(=O)NCC(=O)N[C@@H](CC(=O)O)C(=O)N[C@@H](CO)C(=O)N1CCC[C@@H]1C(=O)N[C@@H](C)C(N)=O)[C@@H](C)O,P08648,P05556
Cc1cccc(NCCCOc2ccc(C[C@@H](CC(=O)O)NC(=O)c3ccccc3)cc2)n1,P08648,P05556
N=C(N)NCCCC(=O)Nc1ccc(C[C@H](NC(=O)[C@@H]2CCCCN2S(=O)(=O)c2ccccc2)C(=O)O)cc1,P08648,P05556
N=C(N)NCCCCCC(=O)NC[C@H](NC(=O)[C@@H]1CCCN1S(=O)(=O)c1ccccc1)C(=O)O,P08648,P05556
CNc1cccc(CCOc2ccc(C[C@H](NC(=O)c3ccc(F)cc3Cl)C(=O)O)cc2)n1,P08648,P05556
Cc1cc(C)c(S(=O)(=O)N[C@@H](CNC(=O)CO[C@@H]2C[C@@H](CNc3ccccn3)N(C(=O)C(F)(F)C(F)(F)C(F)(F)C(F)(F)C(F)(F)C(F)(F)C(F)(F)F)C2)C(=O)O)c(C)c1,P08648,P05556
COc1ccc(C[C@@H]2NC(=O)[C@@H](CC(=O)O)NC(=O)CNC(=O)[C@@H](CCCN=C(N)N)NC(=O)[C@@H]3CCCN3C(=O)[C@@H](CC(N)=O)NC(=O)[C@@H](NC(C)=O)CSSC[C@@H](C(N)=O)NC(=O)[C@H](CCCN=C(N)N)NC2=O)cc1,P08648,P05556
COC(=O)N1C[C@H]2C[C@H]3C[C@]31C(=O)N[C@@H](CCCNC(=N)N)C(=O)NCC(=O)N[C@@H](CC(=O)O)C(=O)N2,P08648,P05556
COc1ccc(C[C@@H]2NC(=O)[C@H](CC(=O)O)NC(=O)CNC(=O)[C@H](CCCN=C(N)N)NC(=O)[C@@H](Cc3c[nH]cn3)NC(=O)[C@H](CO)NC(=O)[C@@H](N)CCC/N=C(/N)NC(=O)[C@H](N)C3(CCCCC3)SSC[C@@H](C(=O)N[C@@H](CCCN=C(N)N)C(=O)O)NC(=O)[C@H](CCCN=C(N)N)NC2=O)cc1,P08648,P05556
CCCN(C(=O)C(CC(=O)OC)C(=O)O)C1=C(C)CC(c2ccccc2)N(Cc2ccc(C(=N)N)cc2)C1=O,P08648,P05556
COc1ccc(C[C@@H]2NC(=O)[C@H](CC(=O)O)NC(=O)CNC(=O)[C@H](CCCN=C(N)N)NC(=O)[C@@H](Cc3c[nH]cn3)NC(=O)CNC(=O)[C@@H](N)CCC/N=C(/N)NC(=O)[C@H](N)C3(CCCCC3)SSC[C@@H](C(=O)N[C@@H](CCCN=C(N)N)C(=O)O)NC(=O)[C@H](CCCN=C(N)N)NC2=O)cc1,P08648,P05556
NCc1ccc(NC(=O)N2C(=O)CC2CC(=O)NCC(=O)O)cc1.O=C(O)C(F)(F)F,P08648,P05556
O=C(CNC(=O)c1ccc(NC(=O)NCc2ccccc2)o1)NC[C@H](NC(=O)OCc1ccccc1)C(=O)O,P08648,P05556
CC(C)[C@@H]1NC(=O)[C@@H](Cc2ccccc2)NC(=O)[C@H](CC(=O)O)NC(=O)[C@H](C)NC(=O)[C@H](CCCNC(=N)N)NC1=O,P08648,P05556
Cc1cc(C)c(S(=O)(=O)N[C@@H](CNC(=O)C2=NO[C@]3(C2)C[C@@H](CNC2NC=CN2)N(C(=O)OCc2ccccc2)C3)C(=O)O)c(C)c1,P08648,P05556
Cc1cc(C)c(S(=O)(=O)N[C@@H](CNC(=O)C2=NO[C@@]3(C2)C[C@@H](CNC2NC=CN2)N(C(=O)OCc2ccccc2)C3)C(=O)O)c(C)c1,P08648,P05556
O=C(NCC(NS(=O)(=O)c1ccccc1)C(=O)O)c1cc2cc(OCCONC3=NCCN3)ccc2[nH]1,P08648,P05556
CN1C(=O)[C@H](Cc2ccccc2)NC(=O)[C@H](CC(=O)O)NC(=O)CNC(=O)[C@H](CCCNC(=N)N)NC(=O)CCCc2cccc3c(c[nH]c23)C[C@@H]1C(N)=O,P08648,P05556
O=C(CO[C@@H]1C[C@@H](CNc2ccccn2)N(C(=O)OCc2ccccc2)C1)NC[C@H](NC(=O)c1ccccc1)C(=O)O,P08648,P05556
Cc1cc(C)c(S(=O)(=O)N[C@@H](CNC(=O)C2=NO[C@@]3(C2)C[C@@H](CNC2N=CC=N2)N(C(=O)OCc2ccccc2)C3)C(=O)O)c(C)c1,P08648,P05556
C/C=C(\C(=O)O)C(NCc1ccc(N)cc1)C1CCCCC1,P08648,P05556
Cc1ccnc(NCc2cn(-c3ccc(C[C@H](NC(=O)c4c(C)cc(C)cc4C)C(=O)O)cc3)nn2)c1,P08648,P05556
Cc1ccccc1NC(=O)N1CCC[C@H]1C(=O)O,P08648,P05556
O=C(O)CCn1ccc2cc(OCCCNc3ccccn3)ccc21,P08648,P05556
CCCN(C(=O)CC(=O)O)C1=C(C)C[C@H](c2ccccc2)N([C@@H](C)c2ccc(N)cc2)C1=O,P08648,P05556
C[C@@H](O)[C@H](NC(=O)[C@H](CC(=O)O)NC(=O)CNC(=O)[C@H](CCCNC(=N)N)NC(=O)CN)C(=O)N1CCC[C@H]1C(=O)O,P08648,P05556
N=C(N)NCCC[C@@H]1NC(=O)CC(=O)N[C@@H](CC(=O)O)C(=O)N[C@H](Cc2ccccc2)CNC1=O,P08648,P05556
COc1ccnc(NCCCOc2ccc(C[C@@H](CC(=O)O)NC(=O)c3ccc(OC(C)C)cc3)cc2)c1,P08648,P05556
Cc1ccccc1NC(=O)Nc1ccc(CC(=O)N[C@@H](CC(C)C)C(=O)N[C@@H](CC(=O)O)C(=O)O)cc1,P08648,P05556
Cc1ccc(CNC(=O)N2C[C@H](OCC(=O)NC[C@H](NS(=O)(=O)c3c(C)cc(C)cc3C)C(=O)O)C[C@H]2CNc2ccccn2)cc1,P08648,P05556
CCCCOc1ccc(C[C@@H]2NC(=O)[C@H](CC(=O)O)NC(=O)CNC(=O)[C@H](CCCN=C(N)N)NC(=O)[C@@H](Cc3c[nH]cn3)NC(=O)CNC(=O)[C@@H](N)CCC/N=C(/N)NC(=O)[C@H](N)C3(CCCCC3)SSC[C@@H](C(=O)N[C@@H](CCCN=C(N)N)C(=O)O)NC(=O)[C@H](CCCN=C(N)N)NC2=O)cc1,P08648,P05556
COc1ccnc(NC[C@@H]2C[C@@H](OCC(=O)NC[C@H](NC(=O)c3c(C)cc(C)cc3C)C(=O)O)CN2C(=O)CC(C)(C)C)c1,P08648,P05556
CC(C)C[C@@H]1NC(=O)[C@@H](Cc2ccccc2)N(C)C(=O)[C@H](CC(=O)O)NC(=O)CNC(=O)[C@H](CCCNC(=N)N)N(C)C(=O)CNC1=O,P08648,P05556
N=C(N)NCc1cccc(-c2ccc(C(=O)NC[C@H](NS(=O)(=O)c3ccccc3)C(=O)O)s2)c1,P08648,P05556
Cc1cc(C)c(S(=O)(=O)[C@@H](CNC(=O)C2=NOC3(CCC(CNC4=NCCCN4)CC3)C2)C(=O)O)c(C)c1,P08648,P05556
COc1ccnc(NC[C@@H]2C[C@@H](OCC(=O)NC[C@H](NC(=O)C3(C)CCCCC3)C(=O)O)CN2C(=O)OCc2ccccc2)c1,P08648,P05556
O=C(O)CC1c2ccccc2C(=O)N(CC(=O)NCc2ccc(Nc3nc4ccccc4[nH]3)cc2)c2ccccc21,P08648,P05556
N=C(N)NCCC[C@@H]1NC(=O)CNC(=O)C[C@@H](C(=O)O)NC(=O)[C@@H](c2ccccc2)NC(=O)[C@H](Cc2c[nH]c3ccccc23)NC1=O,P08648,P05556
N=C(N)NCCC[C@@H]1NC(=O)CNC(=O)C[C@@H](C(=O)O)NC(=O)[C@@H](c2ccccc2)NC(=O)[C@H](CCC(=O)O)NC1=O,P08648,P05556
Cc1cc(C)c(S(=O)(=O)N[C@@H](CNC(=O)c2ccc(-c3cccc(NC(=N)N)c3)s2)C(=O)O)c(C)c1.O=C(O)C(F)(F)F,P08648,P05556
NCCCCCCCOc1ccc(C[C@H](NC(=O)OCc2ccccc2)C(=O)O)cc1,P08648,P05556
Cc1cc(C)c(S(=O)(=O)N[C@@H](CNC(=O)CO[C@@H]2C[C@@H](CNc3ccccn3)N(C(=O)OCC(C)C)C2)C(=O)O)c(C)c1,P08648,P05556
Cc1ccccc1NC(=O)N1C(=O)C[C@H]1C(=O)NCC(=O)O,P08648,P05556
N=C(N)NCCC[C@@H]1NC(=O)CNC(=O)C[C@@H](C(=O)O)NC(=O)[C@@H](c2ccccc2)NC(=O)CNC1=O,P08648,P05556
CC(C)C[C@@H]1NC(=O)[C@H](CC(=O)O)NC(=O)CNC(=O)[C@H](CCCNC(=N)N)NC(=O)[C@H](Cc2ccccc2)NC(=O)[C@H](CCCCN)N(C)C(=O)[C@H]2CCCN2C(=O)[C@H](Cc2ccccc2)NC(=O)[C@H](C)NC1=O,P08648,P05556
O=C(O)CCNC(=O)c1ccc2c(c1)C(=O)N(CCC1CCNCC1)C2,P08648,P05556
O=C(O)CC1OC(=O)N(CC(=O)NCc2ccc(Nc3nc4ccccc4[nH]3)cc2)c2ccccc21,P08648,P05556
CC(=O)OC(=O)c1ccccc1C(=O)c1ccc(F)c([N+](=O)[O-])c1,P08648,P05556
CC(=O)N[C@@H](CC(=O)O)C(=O)N[C@@H](CCCNC(=N)N)C(=O)N[C@@H](CC(C)C)C(=O)N[C@@H](CC(=O)O)C(=O)N[C@@H](CO)C(=O)O,P08648,P05556
Cc1ccccc1NC(=O)N1C(=O)C[C@@H]1C(=O)NCCC(=O)O,P08648,P05556
Cc1[nH]c(/C=C2\C(=O)Nc3ccc(F)cc32)c(C)c1C(=O)NCCNC(=O)CCc1cn(CCCCN2C[C@@H]3C[C@H]2C(=O)N[C@@H](CCCNC(=N)N)C(=O)NCC(=O)N[C@@H](CC(=O)O)C(=O)N3)nn1,P08648,P05556
Cc1cc(C)c(S(=O)(=O)[C@@H](CNC(=O)C2=NOC3(CCC(CNc4ncc[nH]4)CC3)C2)C(=O)O)c(C)c1,P08648,P05556
N=C(N)NCCC[C@@H]1NC(=O)CC2(CCCCC2)CNC(=O)[C@@H](Cc2ccccc2)NC(=O)[C@H](CC(=O)O)NC(=O)CNC1=O.O=C(O)C(F)(F)F,P08648,P05556
O=C(N[C@@H](Cc1ccc(N2CCC(CNc3ccccn3)CC2)cc1)C(=O)O)c1ccccc1,P08648,P05556
COc1ccnc(NCCCOc2ccc(C[C@@H](CC(=O)O)NS(=O)(=O)c3ccc(C)cc3)cc2)c1,P08648,P05556
O=C(N[C@@H](Cc1ccc(OCCNc2nc3ccccc3s2)cc1)C(=O)O)c1c(Cl)cccc1Cl,P08648,P05556
Cc1ccccc1NC(=O)NCC(=O)O,P08648,P05556
CC(C)C[C@@H]1NC(=O)[C@@H](CC(=O)O)NC(=O)CNC(=O)[C@@H](CCCN=C(N)N)NC(=O)[C@H](Cc2c[nH]cn2)NC(=O)CNC(=O)[C@H](N)CCC/N=C(/N)NC(=O)[C@@H](N)C(C)(C)SSC[C@H](C(=O)N[C@@H](CCCN=C(N)N)C(=O)O)NC(=O)[C@@H](CCCN=C(N)N)NC1=O,P08648,P05556
CC(C)[C@H](N)C(=O)N[C@H](C(=O)NCC(=O)N[C@@H](CCCN=C(N)N)C(=O)NCC(=O)N[C@@H](CC(=O)O)C(=O)N[C@@H](CO)C(=O)N1CCC[C@H]1C(=O)N[C@@H](C)C(=O)O)[C@@H](C)O,P08648,P05556
C/C=C(\C(=O)NCC(=O)O)C(NCc1ccc(N)cc1)C(C)C,P08648,P05556
CCCN(C(=O)C(CC(=O)O)C(=O)O)C1=C(C)CC(c2ccccc2)N(Cc2ccc(N)cc2)C1=O,P08648,P05556
COc1ccc(C[C@@H]2NC(=O)[C@H](CC(=O)O)NC(=O)CNC(=O)[C@H](CCCN=C(N)N)NC(=O)[C@@H]3CCCN3C(=O)CNC(=O)[C@@H](N)CCC/N=C(/N)NC(=O)[C@H](N)C3(CCCCC3)SSC[C@@H](C(=O)N[C@@H](CCCN=C(N)N)C(=O)O)NC(=O)[C@H](CCCN=C(N)N)NC2=O)cc1,P08648,P05556
CCCN(C(=O)CCC(=O)O)C1=C(C)CC(c2ccccc2)N(Cc2ccc(C(=N)N)cc2)C1=O,P08648,P05556
CC(C)[C@H](N)C(=O)N[C@@H](Cc1ccc(O)cc1)C(=O)N[C@@H](C)C(=O)N[C@H](C(=O)N[C@H](C(=O)NCC(=O)N[C@@H](CCCN=C(N)N)C(=O)NCC(=O)N[C@@H](CC(=O)O)C(=O)N[C@@H](CO)C(=O)N1CCC[C@@H]1C(=O)N[C@@H](C)C(N)=O)[C@@H](C)O)C(C)C,P08648,P05556
CCCN(C(=O)CC(=O)O)C1=C(C)CC(c2ccccc2)N(CCCCN)C1=O,P08648,P05556
Cc1cc(C)c(S(=O)(=O)N[C@@H](CNC(=O)C2=NO[C@]3(C2)C[C@@H](CNC2N=CC=N2)N(C(=O)OCc2ccccc2)C3)C(=O)O)c(C)c1,P08648,P05556
N=C(N)NCCC[C@H]1NC(=O)CC(=O)N[C@@H](CC(=O)O)C(=O)N[C@@H](Cc2ccccc2)CNC1=O,P08648,P05556
N=C(N)NCCC[C@H](N)C(=O)NCC(=O)N[C@@H](CC(=O)O)C(=O)N[C@@H](Cc1ccccc1)C(=O)O,P08648,P05556
CC(C)C[C@H]1C(=O)NCC(=O)N(C)[C@@H](CCCNC(=N)N)C(=O)NCC(=O)N[C@@H](CC(=O)O)C(=O)N[C@H](Cc2ccccc2)C(=O)N1C,P08648,P05556
Cc1ccccc1NC(=O)N1C(=O)CC1CC(=O)O,P08648,P05556
CC1=C(C(=O)NCc2ccc(N)cc2)C(C(C)C)N(C(=O)CC(=O)O)O1,P08648,P05556
CCCN(C(=O)CC(=O)O)C1=C(C)C[C@@H](c2ccccc2)N([C@@H](C)c2ccc(N)cc2)C1=O,P08648,P05556
N=C(N)NCCC[C@@H]1NC(=O)CNC(=O)C[C@@H](C(=O)O)NC(=O)[C@@H](c2ccccc2)NC(=O)[C@@H](CCCCN)NC1=O,P08648,P05556
N=C(N)Nc1cccc(C(=O)NCC(=O)N[C@@H](CC(=O)O)C(=O)NCCc2ccc3ccccc3c2)c1,P08648,P05556
COCCOCCOCCOCC(=O)Nc1cc(C[C@H](NS(=O)(=O)c2cccc(C(F)(F)F)c2)C(=O)O)ccc1OCCCc1ccc2c(n1)NCCC2,P08648,P05556
O=C(NC[C@@H](C(=O)O)S(=O)(=O)c1c(Cl)cccc1Cl)C1=NOC2(CCC(CNc3ncc[nH]3)CC2)C1,P08648,P05556
COc1ccc(C[C@@H]2NC(=O)[C@@H](CC(=O)O)NC(=O)CNC(=O)[C@@H](CCCN=C(N)N)NC(=O)[C@H](Cc3c[nH]cn3)NC(=O)[C@H](CC(=O)O)NC(=O)[C@H](N)CCC/N=C(/N)NC(=O)[C@H](N)C3(CCCCC3)SSC[C@@H](C(=O)N[C@@H](CCCN=C(N)N)C(=O)O)NC(=O)[C@@H](CCCN=C(N)N)NC2=O)cc1,P08648,P05556
C[C@@H](NC(=O)[C@H](CC(=O)O)NC(=O)CNC(=O)c1cccc(NC(=N)N)c1)c1ccccc1,P08648,P05556
COCCCN(CC(=O)N[C@@H](CC(=O)O)c1ccccc1)C(=O)Cc1ccc(NC(=O)Nc2ccccc2C)cc1,P08648,P05556
N=C(N)NCCC[C@H]1NC(=O)CC(=O)N[C@@H](CC(=O)O)C(=O)N[C@H](Cc2ccccc2)CNC1=O,P08648,P05556
CN1CC(CCCOc2ccc(C[C@H](NC(=O)c3c(Cl)cccc3Cl)C(=O)O)cc2)C1,P08648,P05556
CN1C(=O)[C@H](Cc2ccccc2)NC(=O)[C@H](CC(=O)O)NC(=O)CNC(=O)[C@H](CCCNC(=N)N)NC(=O)CCCCc2cccc3c(c[nH]c23)C[C@@H]1C(N)=O,P08648,P05556
O=C(N[C@@H](Cc1ccc(OCCc2ccc3c(n2)NCCO3)cc1)C(=O)O)c1c(Cl)cccc1Cl,P08648,P05556
O=C(O)CNC(=O)CC1CC(=O)N1,P08648,P05556
COc1ccc(C[C@@H]2NC(=O)[C@H](CC(=O)O)NC(=O)CNC(=O)[C@H](CCCN=C(N)N)NC(=O)[C@@H](Cc3ccc(O)cc3)NC(=O)CNC(=O)[C@@H](N)CCC/N=C(/N)NC(=O)[C@H](N)C3(CCCCC3)SSC[C@@H](C(=O)N[C@@H](CCCN=C(N)N)C(=O)O)NC(=O)[C@H](CCCN=C(N)N)NC2=O)cc1,P08648,P05556
N=C(N)NCCC[C@@H]1NC(=O)C2(CCCCC2)NC(=O)[C@@H](Cc2ccccc2)NC(=O)[C@H](CC(=O)O)NC(=O)CNC1=O.O=C(O)C(F)(F)F,P08648,P05556
CS(=O)(=O)N[C@@H](CNC(=O)CO[C@@H]1C[C@@H](CNc2ccccn2)N(C(=O)OCc2ccccc2)C1)C(=O)O,P08648,P05556
NC(N)=NCCC[C@H](NC(=O)[C@@H]1CSSC2(CCCCC2)[C@@H](N)C(=O)N/C(N)=N\CCC[C@H](N)C(=O)NCC(=O)N[C@H](Cc2c[nH]cn2)C(=O)N[C@@H](CCCN=C(N)N)C(=O)NCC(=O)N[C@@H](CC(=O)O)C(=O)N[C@@H](Cc2ccc3ccccc3c2)C(=O)N[C@@H](CCCN=C(N)N)C(=O)N1)C(=O)O,P08648,P05556
CC(C)C[C@H]1NC(=O)[C@H](CC(=O)O)NC(=O)CNC(=O)[C@H](CCCN=C(N)N)NC(=O)[C@@H](Cc2c[nH]cn2)NC(=O)CNC(=O)CC2(CCCCC2)SSC[C@@H](C(=O)N[C@@H](C)C(=O)O)NC(=O)[C@H](CCCN=C(N)N)NC1=O,P08648,P05556
O=C(N[C@@H](Cc1ccc(OCCNc2ccccn2)cc1)C(=O)O)c1c(Cl)cccc1Cl,P08648,P05556
CC(C)C[C@H]1NC(=O)[C@H](CC(=O)O)NC(=O)CNC(=O)[C@H](CCCN=C(N)N)NC(=O)[C@@H](Cc2c[nH]cn2)NC(=O)CNC(=O)CNC(=O)[C@H](N)C(C)(C)SSC[C@@H](C(=O)N[C@@H](C)C(=O)O)NC(=O)[C@H](CCCN=C(N)N)NC1=O,P08648,P05556
CNc1cccc(CCOc2ccc(C[C@H](NC(=O)C3CCCCC3C)C(=O)O)cc2)n1,P08648,P05556
O=C(N[C@@H](Cc1ccc(OCCc2ccc3c(n2)NCCC3)cc1)C(=O)O)c1c(Cl)cccc1Cl,P08648,P05556
COc1ccc(C[C@H]2NC(=O)[C@H](CC(=O)O)NC(=O)CNC(=O)[C@H](CCCN=C(N)N)NC(=O)[C@H]3CCCN3C(=O)[C@H](CC(N)=O)NC(=O)[C@@H](NC(C)=O)CSSC[C@@H](C(N)=O)NC(=O)[C@H](CC(C)C)NC2=O)cc1,P08648,P05556
CNc1cccc(CCOc2ccc(C[C@H](NC(=O)c3ccc(F)cc3C3CC3)C(=O)O)cc2)n1,P08648,P05556
NC(N)=NCCC[C@H](NC(=O)[C@@H]1CSSC2(CCCCC2)[C@@H](N)C(=O)N/C(N)=N\CCC[C@H](N)C(=O)NCC(=O)N[C@H](Cc2c[nH]cn2)C(=O)N[C@@H](CCCN=C(N)N)C(=O)NCC(=O)N[C@@H](CC(=O)O)C(=O)N[C@@H](CCc2ccccc2)C(=O)N[C@@H](CCCN=C(N)N)C(=O)N1)C(=O)O,P08648,P05556
CS(=O)(=O)O.Cc1noc(C)c1S(=O)(=O)N[C@@H](CNC(=O)C[C@H]1CC(c2ccc(C(=N)N)cc2)=NO1)C(=O)O,P08648,P05556
CC(C)[C@H]1NC(=O)[C@H](CCCNC(=N)N)NC(=O)CNC(=O)C[C@@H](C(=O)O)NC(=O)[C@@H](c2ccccc2)NC1=O,P08648,P05556
Cc1ccccc1C(=O)N1C(=O)CC1CC(=O)O,P08648,P05556
N=C(N)Nc1cccc(C(=O)NCC(=O)N[C@@H](CC(=O)O)C(=O)NCc2ccccc2)c1,P08648,P05556
N=C(N)NCCC[C@@H]1NC(=O)c2ccc(cc2)-c2ccc3c(c[nH]c3c2)C[C@H](C(N)=O)NC(=O)[C@H](Cc2ccccc2)NC(=O)[C@H](CC(=O)O)NC(=O)CNC1=O,P08648,P05556
Cc1ccccc1NC(=O)Nc1ccc(CNC(=O)C2=CCN(C(=O)CC(=O)O)[C@@H]2C(C)C)cc1,P08648,P05556
COc1ccc(C[C@@H]2NC(=O)[C@H](CC(=O)O)NC(=O)CNC(=O)[C@H](CCCN=C(N)N)NC(=O)[C@H](Cc3ccc(O)cc3)NC(=O)CNC(=O)[C@@H](N)CCC/N=C(/N)NC(=O)[C@H](N)C3(CCCCC3)SSC[C@@H](C(=O)N[C@@H](CCCN=C(N)N)C(=O)O)NC(=O)[C@H](CCCN=C(N)N)NC2=O)cc1,P08648,P05556
O=C(N[C@@H](Cc1ccc(C#CCCNc2ccccn2)cc1)C(=O)O)c1c(Cl)cccc1Cl,P08648,P05556
O=C(O)C[C@H](NC(=O)CNC(=O)c1cncc(NC2=NCC(O)CN2)c1)c1cc(Cl)cc(Br)c1O,P08648,P05556
Cc1cc(C)c(S(=O)(=O)N[C@@H](CNC(=O)CO[C@H]2CN[C@H](CNc3ccccn3)C2)C(=O)O)c(C)c1,P08648,P05556
COCCCN(CC(=O)N[C@@H](CC(=O)O)c1ccc(OC)cc1)C(=O)Cc1ccc(NC(=O)Nc2ccccc2C)cc1,P08648,P05556
CNc1cccc(CCOc2csc(C[C@H](NC(=O)c3c(Cl)cccc3Cl)C(=O)O)c2)n1,P08648,P05556
N=C(N)Nc1cccc(-c2ccc(C(=O)NC[C@H](NS(=O)(=O)c3ccccc3)C(=O)O)s2)c1.O=C(O)C(F)(F)F,P08648,P05556
COc1ccc(C[C@@H]2NC(=O)[C@@H](CC(=O)O)NC(=O)CNC(=O)[C@@H](CCCN=C(N)N)NC(=O)[C@@H]3CCCN3C(=O)[C@@H](CC(N)=O)NC(=O)[C@H](NC(C)=O)CSSC[C@H](C(N)=O)NC(=O)[C@H](CCC(=O)O)NC2=O)cc1,P08648,P05556
N=C(N)NCCC[C@@H]1NC(=O)c2ccc(cc2)-c2cccc3c(c[nH]c23)C[C@H](C(N)=O)NC(=O)[C@H](CC(=O)O)NC(=O)CNC1=O,P08648,P05556
CNc1cccc(COCc2ccc(C[C@H](NC(=O)c3c(Cl)cccc3Cl)C(=O)O)cc2)n1,P08648,P05556
CC[C@H](C)[C@H]1NC(=O)[C@H](NC(C)=O)C(C)(C)SSC[C@H](C(N)=O)NC(=O)[C@@H](CCCN=C(N)N)NC(=O)[C@H](Cc2ccc(OC)cc2)NC(=O)[C@@H](CC(=O)O)NC(=O)CNC(=O)[C@@H](CCCN=C(N)N)NC(=O)[C@@H]2CCCN2C1=O,P08648,P05556
N=C(N)NCCC[C@H](N)C(=O)NCC(=O)N[C@@H](CC(=O)O)C(=O)N[C@@H](CO)C(=O)O,P08648,P05556
COc1ccnc(NCC2CCN(c3ccc(CC(NC(=O)c4c(C)cc(C)cc4C)C(=O)O)cc3)CC2)c1,P08648,P05556
Cc1cc(C)c(S(=O)(=O)N[C@@H](CNC(=O)CO[C@@H]2C[C@@H](CNc3ccccn3)N(C(=O)NC3CCCC3)C2)C(=O)O)c(C)c1,P08648,P05556
NC(N)=NCCC[C@H](NC(=O)[C@@H]1CSSC2(CCCCC2)[C@@H](N)C(=O)N/C(N)=N\CCC[C@H](N)C(=O)NCC(=O)N[C@H](Cc2c[nH]cn2)C(=O)N[C@@H](CCCN=C(N)N)C(=O)NCC(=O)N[C@@H](CC(=O)O)C(=O)N[C@@H](Cc2ccc(Cl)cc2)C(=O)N[C@@H](CCCN=C(N)N)C(=O)N1)C(=O)O,P08648,P05556
CCc1cc(F)cc(C)c1C(=O)N[C@@H](Cc1ccc(N2CCC(CNc3ccccn3)CC2)cc1)C(=O)O,P08648,P05556
CC(C)C[C@H]1C(=O)NCC(=O)N[C@@H](CCCNC(=N)N)C(=O)NCC(=O)N[C@@H](CC(=O)O)C(=O)N(C)[C@H](Cc2ccccc2)C(=O)N1C,P08648,P05556
CCOC(=O)[C@H]1[C@@H]2N[C@@H](CC(=O)O)C(=O)CNC(=O)[C@H](CCCNC(=N)N)NC(=O)[C@H](C(C)C)NC(=O)[C@@H]21,P08648,P05556
CCCCOC(=O)N1C[C@@]2(CC(C(=O)NC[C@H](NS(=O)(=O)c3c(C)cc(C)cc3C)C(=O)O)=NO2)C[C@H]1CNc1nc2ccccc2[nH]1,P08648,P05556
CC(C)C[C@@H]1NC(=O)[C@@H](Cc2ccccc2)NC(=O)[C@H](CC(=O)O)NC(=O)CNC(=O)[C@H](CCCNC(=N)N)NC(=O)CNC1=O,P08648,P05556
COc1ccnc(NCCCOc2ccc(C[C@@H](CC(=O)NO)NS(=O)(=O)c3ccc(C)cc3)cc2)c1,P08648,P05556
CN1C(=O)[C@H](CC(=O)O)NC(=O)CNC(=O)[C@H](CCCNC(=N)N)NC(=O)CC[C@@H](C(N)=O)NC(=O)[C@@H]1C1CCCCC1,P08648,P05556
Cc1ccccc1NC(=O)N1C(=O)C[C@H]1C(=O)O,P08648,P05556
CCCN(C(=O)CC(=O)O)C1=C(C)C[C@H](c2ccc(N)cc2)N([C@@H](C)c2ccc(OC)cc2)C1=O,P08648,P05556
CN1C(=O)[C@H](Cc2ccccc2)NC(=O)[C@H](CC(=O)O)NC(=O)CNC(=O)[C@H](CCCNC(=N)N)NC(=O)c2ccccc2-c2cccc3c(c[nH]c23)C[C@@H]1C(N)=O,P08648,P05556
N=C(N)Nc1cccc(C(=O)NCC(=O)N[C@@H](CC(=O)O)C(=O)Nc2cccc3ccccc23)c1,P08648,P05556
CC[C@H](C)[C@H]1NC(=O)[C@H](NC(C)=O)CSSC[C@H](C(N)=O)NC(=O)[C@@H](CCCN=C(N)N)NC(=O)[C@H](Cc2ccccc2)NC(=O)[C@@H](CC(=O)O)NC(=O)CNC(=O)[C@@H](CCCN=C(N)N)NC(=O)[C@@H]2CCCN2C1=O,P08648,P05556
CC(C)C[C@H](NC(=O)[C@H](CC(=O)O)NC(=O)CNC(=O)[C@H](CCCNC(=N)N)NC(=O)[C@H](CC(C)C)NC(=O)[C@H](CC(N)=O)NC(=O)[C@@H]1CCCN1C(=O)[C@@H](NC(=O)[C@H](CCCCNC(=O)CCCC[C@@H]1SC[C@@H]2NC(=O)N[C@@H]21)NC(=O)[C@H](CC(N)=O)NC(=O)CN1CCN(CC(=O)O)CCN(CC(=O)O)CCN(CC(=O)O)CC1)C(C)C)C(=O)N[C@@H](CCC(N)=O)C(=O)N[C@H](C(=O)N[C@@H](CC(C)C)C(=O)N[C@@H](C)C(=O)N[C@@H](CCC(N)=O)C(=O)N[C@@H](CCCCN)C(=O)N[C@H](C(=O)N[C@@H](C)C(=O)N[C@@H](CCCNC(=N)N)C(=O)N[C@H](C(=O)O)[C@@H](C)O)C(C)C)C(C)C,P08648,P05556
COc1ccnc(NCCCOc2ccc(C[C@@H](CC(=O)NO)NC(=O)c3ccc(OC(C)C)cc3)cc2)c1,P08648,P05556
COc1ccc(C[C@H]2NC(=O)[C@H](CC(=O)O)NC(=O)CNC(=O)[C@H](CCCN=C(N)N)NC(=O)[C@H]3CCCN3C(=O)[C@H](CC(N)=O)NC(=O)CC3(CCCC3)SSC[C@@H](C(N)=O)NC(=O)[C@H](CCCN=C(N)N)NC2=O)cc1,P08648,P05556
N=C(N)NCCC[C@@H]1NC(=O)[C@H](CCCCn2cc(CCC(=O)Nc3ccc(F)cc3)nn2)NC(=O)[C@@H](Cc2ccccc2)NC(=O)[C@H](CC(=O)O)NC(=O)CNC1=O,P08648,P05556
C/C=C(\C(=O)NCC(=O)O)C(NCc1ccc(NC(=O)CN)cc1)C(C)C,P08648,P05556
CC(C)C[C@@H]1NC(=O)[C@@H]([C@@H](C)O)NC(=O)[C@H](CC(=O)O)NC(=O)[C@@H](CO)NC(=O)[C@H](CCCN=C(N)N)NC(=O)[C@@H](N)CSSC[C@@H](C(=O)NCC(=O)N[C@@H](CCC(=O)O)C(N)=O)NC1=O,P08648,P05556
NC(N)=NCCC[C@H](NC(=O)[C@@H]1CSSC2(CCCCC2)[C@@H](N)C(=O)N/C(N)=N\CCC[C@H](N)C(=O)NCC(=O)N[C@H](Cc2c[nH]cn2)C(=O)N[C@@H](CCCN=C(N)N)C(=O)NCC(=O)N[C@@H](CC(=O)O)C(=O)N[C@@H](c2ccccc2)C(=O)N[C@@H](CCCN=C(N)N)C(=O)N1)C(=O)O,P08648,P05556
Cc1ccccc1C(=O)N1C(=O)C[C@H]1C(=O)O,P08648,P05556
O=C(N[C@@H](Cc1ccc2oc(CCNc3ccccn3)cc2c1)C(=O)O)c1c(Cl)cccc1Cl,P08648,P05556
NC(N)=NCCC[C@H](NC(=O)[C@@H]1CSSC2(CCCCC2)[C@@H](N)C(=O)N/C(N)=N\CCC[C@H](N)C(=O)NCC(=O)N[C@H](Cc2c[nH]cn2)C(=O)N[C@@H](CCCN=C(N)N)C(=O)NCC(=O)N[C@@H](CC(=O)O)C(=O)N[C@@H](Cc2ccc(I)cc2)C(=O)N[C@@H](CCCN=C(N)N)C(=O)N1)C(=O)O,P08648,P05556
CC(C)[C@@H]1NC(=O)[C@@H](Cc2ccccc2)NC(=O)[C@H](CC(=O)O)NC(=O)CNC(=O)[C@H](CCCN=C(N)N)NC1=O,P08648,P05556
Cc1ccnc(NCC2CCN(c3ccc(CC(NC(=O)c4c(C)cc(C)cc4C)C(=O)O)cc3)CC2)c1,P08648,P05556
CC[C@H](C)[C@@H]1NC(=O)[C@@H](N)CCC/N=C(/N)NC(=O)[C@H](N)C2(CCCCC2)SSC[C@@H](C(=O)N[C@@H](CCCN=C(N)N)C(=O)O)NC(=O)[C@H](CCCN=C(N)N)NC(=O)[C@H](Cc2ccc(OC)cc2)NC(=O)[C@H](CC(=O)O)NC(=O)CNC(=O)[C@H](CCCN=C(N)N)NC(=O)[C@@H](Cc2c[nH]cn2)NC1=O,P08648,P05556
COc1ccc(C[C@@H]2NC(=O)[C@H](CC(=O)O)NC(=O)CNC(=O)[C@H](CCCN=C(N)N)NC(=O)[C@H](Cc3c[nH]cn3)NC(=O)CNC(=O)[C@@H](N)CCC/N=C(/N)NC(=O)[C@H](N)C3(CCCCC3)SSC[C@@H](C(=O)N[C@@H](CCCN=C(N)N)C(=O)O)NC(=O)[C@H](CCCN=C(N)N)NC2=O)cc1,P08648,P05556
CC[C@H](C)[C@H]1NC(=O)[C@H](NC(C)=O)CSSC[C@H](C(N)=O)NC(=O)[C@@H](CCCN=C(N)N)NC(=O)[C@H](Cc2ccc(OC)cc2)NC(=O)[C@@H](CC(=O)O)NC(=O)CNC(=O)[C@@H](CCCN=C(N)N)NC(=O)[C@@H]2CCCN2C1=O,P08648,P05556
O=C(O)/C=C1/CC(=O)N1,P08648,P05556
CCCCOc1ccc(C[C@@H]2NC(=O)[C@@H](CC(=O)O)NC(=O)CNC(=O)[C@@H](CCCN=C(N)N)NC(=O)[C@@H]3CCCN3C(=O)[C@@H]([C@@H](C)CC)NC(=O)[C@H](NC(C)=O)CSSC[C@H](C(N)=O)NC(=O)[C@@H](CCCN=C(N)N)NC2=O)cc1,P08648,P05556
C/C=C1\C(=O)N(CC(=O)O)C(=O)N(Cc2ccc(NC(=O)CN)cc2)C1C(C)C,P08648,P05556
COc1ccc(CNC(=O)[C@H](CC(=O)O)NC(=O)CNC(=O)c2cccc(NC(=N)N)c2)cc1,P08648,P05556
CCOc1ccc(C[C@H]2NC(=O)[C@H](CC(=O)O)NC(=O)CNC(=O)[C@H](CCCN=C(N)N)NC(=O)[C@H]3CCCN3C(=O)[C@H](CC(N)=O)NC(=O)[C@@H](NC(C)=O)CSSC[C@@H](C(N)=O)NC(=O)[C@H](CCCN=C(N)N)NC2=O)cc1,P08648,P05556
N=C(N)Nc1cccc(C(=O)NCC(=O)N[C@@H](CC(=O)O)C(=O)NCc2cccc(-c3ccccc3)c2)c1,P08648,P05556
CCCCOC(=O)N1C[C@@]2(CC(C(=O)NC[C@H](NS(=O)(=O)c3c(C)cc(C)cc3C)C(=O)O)=NO2)C[C@H]1CNc1ncc[nH]1,P08648,P05556
N=C(N)NCCC[C@@H]1NC(=O)c2cccc(c2)-c2cccc3c(c[nH]c23)C[C@@H](C(N)=O)NC(=O)[C@@H](Cc2ccccc2)NC(=O)[C@H](CC(=O)O)NC(=O)CNC1=O,P08648,P05556
O=C(NCc1ccc2c(n1)NCCC2)c1ccc(C[C@H](NC(=O)c2c(Cl)cccc2Cl)C(=O)O)cc1,P08648,P05556
N=C(N)NOCCOc1ccc2[nH]c(C(=O)NCC(NS(=O)(=O)c3ccccc3)C(=O)O)cc2c1,P08648,P05556
CNc1cccc(CCCc2ccc(C[C@H](NC(=O)c3c(Cl)cccc3Cl)C(=O)O)cn2)n1,P08648,P05556
CCCN(C(=O)C(CC(=O)O)C(=O)O)C1=C(C)CC(c2ccccc2)N(Cc2ccc(C(=N)N)cc2)C1=O,P08648,P05556
C/C=C(\C(=O)O)C(C)NCc1ccc(N)cc1,P08648,P05556
Cc1ccnc(NCc2sccc2-c2ccc(C[C@H](NC(=O)c3c(C)cc(C)cc3C)C(=O)O)cc2)c1,P08648,P05556
O=C(NC[C@@H](C(=O)O)S(=O)(=O)c1ccccc1)C1=NOC2(CCC(CNc3ncc[nH]3)CC2)C1,P08648,P05556
CNc1cccc(CCOc2ccc(C[C@H](NC(=O)c3c(Cl)cccc3Cl)C(=O)O)cn2)n1,P08648,P05556
Cc1ccnc(NCc2ccc(-c3ccc(CC(NC(=O)c4c(C)cc(C)cc4C)C(=O)O)cc3)cc2)c1,P08648,P05556
O=C(N[C@@H](Cc1ccc(CCCc2ccc3c(n2)NCCC3)cc1)C(=O)O)c1c(Cl)cccc1Cl,P08648,P05556
C/C=C(\C(=O)NCC(=O)O)C(C)NCc1ccc(N)cc1,P08648,P05556
Cc1cc(C)c(S(=O)(=O)N[C@@H](CNC(=O)C2=NO[C@]3(C2)C[C@@H](CNc2nc4ccccc4[nH]2)N(C(=O)OCc2ccccc2)C3)C(=O)O)c(C)c1,P08648,P05556
C#CCN(c1cnc(N(CC)CC)nc1N[C@@H](Cc1ccc(OC(=O)N2CCCC2)cc1)C(=O)O)S(=O)(=O)c1ccc(F)cc1,P08648,P05556
Cc1cc(C)c(S(=O)(=O)N[C@@H](CNC(=O)CO[C@@H]2C[C@@H](CNc3ccccn3)N(C(=O)CC3CCCC3)C2)C(=O)O)c(C)c1,P08648,P05556
O=C(NC[C@@H](C(=O)O)S(=O)(=O)c1c(Cl)cc(-c2ccccc2)cc1Cl)C1=NOC2(CCC(CNc3ncc[nH]3)CC2)C1,P08648,P05556
O=C1NC(=O)N(c2ccccc2-c2ccccc2)C(=O)/C1=C\c1c[nH]c2ccccc12,P08648,P05556
N=C(N)NCCC[C@@H]1NC(=O)CC(=O)N[C@H](CC(=O)O)C(=O)N[C@@H](Cc2ccccc2)CNC1=O,P08648,P05556
Cc1ccnc(NCc2cccc(-c3ccc(CC(NC(=O)c4c(C)cc(C)cc4C)C(=O)O)cc3)c2)c1,P08648,P05556
CNc1cccc(CCOc2ccc(C[C@H](NC(=O)c3ccc(F)cc3OC)C(=O)O)cc2)n1,P08648,P05556
CCCN(C(=O)CCCCCN)C1=C(C)CC(c2ccccc2)N(CCC(=O)O)C1=O,P08648,P05556
N=C(N)NCCC[C@@H]1NC(=O)CNC(=O)C[C@@H](C(=O)O)NC(=O)[C@@H](c2ccccc2)NC(=O)[C@@H](CCCCNC(=O)CCSCCOCCOCCOCCOCCOCCOCCO)NC1=O,P08648,P05556
NCc1ccc(NC(=O)N2C(=O)CC2CC(=O)O)cc1.O=C(O)C(F)(F)F,P08648,P05556
COc1ccc([C@H](CC(=O)O)N2CCN(CCCc3ccc4c(n3)NCCC4)C2)cn1,P08648,P05556
N=C(N)Nc1cccc(C(=O)NCC(=O)N[C@@H](CC(=O)O)C(=O)NCC(c2ccccc2)c2ccccc2)c1,P08648,P05556
CN1C(=O)[C@H](CC(=O)O)NC(=O)CNC(=O)[C@H](CCCNC(=N)N)NC(=O)c2ccc(cc2)-c2cccc3c(c[nH]c23)C[C@H]1C(N)=O,P08648,P05556
CC(C)[C@H]1NC(=O)[C@H](CC(=O)O)NC(=O)CNC(=O)[C@H](CCCN=C(N)N)NC(=O)[C@@H](Cc2c[nH]cn2)NC(=O)CNC(=O)[C@@H](N)CCC/N=C(/N)NC(=O)[C@H](N)C2(CCCCC2)SSC[C@@H](C(=O)N[C@@H](CCCN=C(N)N)C(=O)O)NC(=O)[C@H](CCCN=C(N)N)NC1=O,P08648,P05556
COc1ccc(C[C@@H]2NC(=O)[C@@H](CC(=O)O)NC(=O)CNC(=O)[C@@H](CCCN=C(N)N)NC(=O)[C@@H]3CCCN3C(=O)[C@@H](CC(N)=O)NC(=O)[C@@H](NC(C)=O)CSSC[C@@H](C(N)=O)NC(=O)[C@H](CCCNC(N)=O)NC2=O)cc1,P08648,P05556
CCCN(C(=O)CC(=O)O)C1=C(C)CC(c2ccccc2)N([C@@H](C)c2ccc(N)cc2)C1=O,P08648,P05556
CCCCOc1ccc(C[C@@H]2NC(=O)[C@H](Cc3ccc(OC)cc3)NC(=O)[C@@H](CC(=O)O)NC(=O)CNC(=O)[C@@H](CCCN=C(N)N)NC(=O)[C@@H]3CCCN3C(=O)[C@@H](CC(N)=O)NC(=O)[C@@H](NC(C)=O)CSSC[C@@H](C(N)=O)NC2=O)cc1,P08648,P05556
COc1ccc(C[C@@H]2NC(=O)[C@@H](CC(=O)O)NC(=O)CNC(=O)[C@@H](CCCN=C(N)N)NC(=O)[C@@H]3CCCN3C(=O)[C@@H](CC(N)=O)NC(=O)[C@@H](NC(C)=O)CSSC[C@@H](C(N)=O)NC(=O)[C@H](C)NC2=O)cc1,P08648,P05556
O=C(O)[C@H](Cc1ccc(N2CCC(CNc3ccccn3)CC2)cc1)N1Cc2ccccc2C1=O,P08648,P05556
CN1C(=O)[C@H](Cc2ccccc2)NC(=O)[C@H](CC(=O)O)NC(=O)CNC(=O)[C@H](CCCNC(=N)N)NC(=O)c2ccc(cc2)-c2ccc3c(c[nH]c3c2)C[C@@H]1C(N)=O,P08648,P05556
Cc1cc(C)c(S(=O)(=O)N[C@@H](CNC(=O)c2ccc(-c3cccc(CN=C(N)N)c3)s2)C(=O)O)c(C)c1,P08648,P05556
N=C(N)NCCC[C@@H]1NC(=O)[C@@H]2C[C@@H](CN2CCN)NC(=O)[C@H](CC(=O)O)NC(=O)CNC1=O,P08648,P05556
CCCN(C(=O)CC(=O)O)C1=C(C)C[C@@H](c2ccc(N)cc2)N([C@@H](C)c2ccc(OC)cc2)C1=O,P08648,P05556
CC[C@H](C)[C@H]1NC(=O)[C@H](NC(C)=O)CSSC[C@H](C(N)=O)NC(=O)[C@@H](CCCN=C(N)N)NC(=O)[C@H](Cc2ccc([N+](=O)[O-])cc2)NC(=O)[C@@H](CC(=O)O)NC(=O)CNC(=O)[C@@H](CCCN=C(N)N)NC(=O)[C@@H]2CCCN2C1=O,P08648,P05556
COc1ccc(C[C@H]2NC(=O)[C@H](CC(=O)O)NC(=O)CNC(=O)[C@H](CCCN=C(N)N)NC(=O)[C@H]3CCCN3C(=O)[C@H](CC(N)=O)NC(=O)[C@@H](NC(C)=O)CSSC[C@@H](C(N)=O)NC(=O)[C@H](CCCN=C(N)N)NC2=O)cc1,P08648,P05556
N=C(N)NCCC[C@@H]1NC(=O)c2cccc(c2)-c2cccc3c(c[nH]c23)C[C@@H](C(N)=O)NC(=O)[C@H](CC(=O)O)NC(=O)CNC1=O,P08648,P05556
CC(=O)NCCCC[C@H]1C(=O)NCC(=O)N[C@@H](CC(C)C)C(=O)N[C@@H](CCCNC(=N)N)C(=O)NCC(=O)N[C@@H](CC(=O)O)C(=O)N[C@@H](CC(C)C)C(=O)N2CCC[C@@H]2C(=O)N1C,P08648,P05556
CC(C)C[C@H]1C(=O)NCC(=O)N[C@@H](CCCNC(=N)N)C(=O)NCC(=O)N[C@@H](CC(=O)O)C(=O)N[C@H](Cc2ccccc2)C(=O)N1C,P08648,P05556
CC(C)[C@@H]1NC(=O)[C@@H](Cc2ccccc2)NC(=O)[C@H](CC(=O)O)NC(=O)CNC(=O)[C@H](CCCNC(=N)N)NC(=O)c2ccc(cc2)-c2cccc3c(c[nH]c23)C[C@@H](C(N)=O)NC1=O,P08648,P05556
CC(C)C[C@H]1C(=O)NCC(=O)N(C)[C@@H](CCCNC(=N)N)C(=O)NCC(=O)N[C@@H](CC(=O)O)C(=O)N(C)[C@H](Cc2ccccc2)C(=O)N1C,P08648,P05556
Cc1cc(-c2ccccc2)cc(C)c1S(=O)(=O)[C@@H](CNC(=O)C1=NOC2(CCC(CNc3ncc[nH]3)CC2)C1)C(=O)O,P08648,P05556
COc1ccc(C[C@@H]2NC(=O)[C@H](CC(=O)O)NC(=O)CNC(=O)[C@H](CCCN=C(N)N)NC(=O)[C@@H](Cc3c[nH]cn3)NC(=O)[C@H](CCCN=C(N)N)NC(=O)[C@@H](N)CCC/N=C(/N)NC(=O)[C@H](N)C3(CCCCC3)SSC[C@@H](C(=O)N[C@@H](CCCN=C(N)N)C(=O)O)NC(=O)[C@H](CCCN=C(N)N)NC2=O)cc1,P08648,P05556
CC1(C)NC(=O)[C@@H](Cc2ccccc2)NC(=O)[C@H](CC(=O)O)NC(=O)CNC(=O)[C@H](CCCNC(=N)N)NC1=O.O=C(O)C(F)(F)F,P08648,P05556
C/C=C(\C(=O)O)C(NCc1ccc(N)cc1)C(C)C,P08648,P05556
N=C(N)Nc1cccc(C(=O)NCC(=O)N[C@@H](CC(=O)O)C(=O)NCc2ccc(-c3ccccc3)cc2)c1,P08648,P05556
COc1ccc(C[C@@H]2NC(=O)[C@H](CC(=O)O)NC(=O)CNC(=O)[C@H](CCCN=C(N)N)NC(=O)[C@@H](Cc3c[nH]cn3)NC(=O)[C@H](CC(N)=O)NC(=O)[C@@H](N)CCC/N=C(/N)NC(=O)[C@H](N)C3(CCCCC3)SSC[C@@H](C(=O)N[C@@H](CCCN=C(N)N)C(=O)O)NC(=O)[C@H](CCCN=C(N)N)NC2=O)cc1,P08648,P05556
Cc1cc(C)c(S(=O)(=O)[C@@H](CNC(=O)C2=NOC3(CCC(CNc4nc5ccccc5[nH]4)CC3)C2)C(=O)O)c(C)c1,P08648,P05556
N=C(N)Nc1cccc(C(=O)NCC(=O)N[C@@H](CC(=O)O)C(=O)NCCc2c[nH]c3ccccc23)c1,P08648,P05556
Cc1c(CCC(=O)O)s/c(=N\C(=O)c2ccc(C(=N)N)cc2)n1C,P08648,P05556
Cc1cc(C)c(S(=O)(=O)N[C@@H](CNC(=O)C2=NO[C@]3(C2)C[C@@H](CNc2ncc[nH]2)N(C(=O)OCc2ccccc2)C3)C(=O)O)c(C)c1,P08648,P05556
CC(C)C[C@@H]1NC(=O)CNC(=O)[C@@H]2CCCN2C(=O)[C@H]2CCCN2C(=O)[C@H](CC(C)C)NC(=O)[C@H](CC(=O)O)NC(=O)CNC(=O)[C@H](CCCNC(=N)N)NC1=O,P08648,P05556
O=C(O)CC1OC(=O)N(CC(=O)NCC2CCC(Nc3nc4ccccc4[nH]3)CC2)c2ccccc21,P08648,P05556
C=Cc1cnc(NC[C@@H]2C[C@]3(CC(C(=O)NC[C@H](NS(=O)(=O)c4c(C)cc(C)cc4C)C(=O)O)=NO3)CN2C(=O)OCCCC)[nH]1,P08648,P05556
Cc1cc(C)c(S(=O)(=O)N[C@@H](CNC(=O)C2=NO[C@]3(CN[C@H](CNc4ncc[nH]4)C3)C2)C(=O)O)c(C)c1,P08648,P05556
N=C(N)Nc1cc(NC(=O)CCCNC(=O)C23CC4CC(CC(C4)C2)C3)cc(C(=O)NCC(=O)NC[C@H](NC(=O)[C@@H]2CCCN2S(=O)(=O)c2ccccc2)C(=O)O)c1,P08648,P05556
CC[C@H](C)[C@H]1NC(=O)[C@H](NC(C)=O)CSSC[C@H](C(N)=O)NC(=O)[C@@H](CCCN=C(N)N)NC(=O)[C@H](Cc2ccc(O)cc2)NC(=O)[C@@H](CC(=O)O)NC(=O)CNC(=O)[C@@H](CCCN=C(N)N)NC(=O)[C@@H]2CCCN2C1=O,P08648,P05556
CCCN(C(=O)CC(=O)O)C1=C(C)CC(c2ccc(C(=N)N)cc2)N([C@@H](C)c2ccc(OC)cc2)C1=O,P08648,P05556
CC1=CC(C)=[N+]2C1=Cc1ccc(CCC(=O)NCCCCCC(=O)NCCCC[C@H]3C(=O)NCC(=O)N[C@@H](CC(C)C)C(=O)N[C@@H](CCCNC(=N)N)C(=O)NCC(=O)N[C@@H](CC(=O)O)C(=O)N[C@@H](CC(C)C)C(=O)N4CCC[C@@H]4C(=O)N3C)n1[B-]2(F)F,P08648,P05556
CN1C(=O)[C@H](Cc2ccccc2)NC(=O)[C@H](CC(=O)O)NC(=O)CNC(=O)[C@H](CCCNC(=N)N)NC(=O)CCc2cccc3c(c[nH]c23)C[C@@H]1C(N)=O,P08648,P05556
Cc1ccccc1NC(=O)N1C(=O)C[C@@H]1C(=O)O,P08648,P05556
N=C(N)NCCC[C@@H]1NC(=O)CNC(=O)C[C@@H](C(=O)O)NC(=O)[C@@H](c2ccccc2)NC(=O)[C@@H]2CCCN2C1=O,P08648,P05556
N=C(N)NCCC[C@@H]1NC(=O)c2ccc(cc2)-c2cccc3c(c[nH]c23)C[C@@H](C(N)=O)NC(=O)[C@H](CC(=O)O)NC(=O)CNC1=O,P08648,P05556
CCCN(C(=O)C(CC(=O)OC)C(=O)O)C1=C(C)CC(c2ccccc2)N(Cc2ccc(N)cc2)C1=O,P08648,P05556
N=C(N)NCCCNC(=O)[C@@H]1CCC(=O)N2C[C@H](CCC(=O)O)[C@H]2C1,P08648,P05556
Cc1cc(C)c(S(=O)(=O)N[C@@H](CNC(=O)c2ccc(-c3cccc(CN=C(N)N)c3)s2)C(=O)O)c(C)c1.O=C(O)C(F)(F)F,P08648,P05556
Cc1cccc(C)c1S(=O)(=O)[C@@H](CNC(=O)C1=NOC2(CCC(CNc3ncc[nH]3)CC2)C1)C(=O)O,P08648,P05556
Cc1cc(C)c(C(=O)N[C@@H](CNC(=O)CO[C@H]2C[C@H](CNc3ccccn3)N(C(=O)CC(C)(C)C)C2)C(=O)O)c(C)c1,P08648,P05556
CCCCOc1ccc(C[C@H]2NC(=O)[C@H](CC(=O)O)NC(=O)CNC(=O)[C@H](CCCN=C(N)N)NC(=O)[C@H]3CCCN3C(=O)[C@H](CC(N)=O)NC(=O)[C@@H](NC(C)=O)CSSC[C@@H](C(N)=O)NC(=O)[C@H](CCCN=C(N)N)NC2=O)cc1,P08648,P05556
CC(C)C[C@@H]1NC(=O)[C@H](CC(=O)O)NC(=O)CNC(=O)[C@H](CCCNC(=N)N)NC(=O)[C@H](C)NC(=O)[C@@H]2CCCN2C(=O)[C@H]2CCCN2C(=O)[C@H](Cc2ccccc2)NC(=O)[C@H](C)NC1=O,P08648,P05556
COc1ccc(C[C@H]2NC(=O)[C@H](CC(=O)O)NC(=O)CNC(=O)[C@H](CCCN=C(N)N)NC(=O)[C@H]3CCCN3C(=O)[C@H](CC(N)=O)NC(=O)[C@@H](NC(C)=O)C(C)(C)SSC[C@@H](C(N)=O)NC(=O)[C@H](CCCN=C(N)N)NC2=O)cc1,P08648,P05556
C[C@H](NC(=O)[C@H](CC(=O)O)NC(=O)CNC(=O)c1cccc(NC(=N)N)c1)c1ccccc1,P08648,P05556
CC(C)[C@H]1C(=O)N[C@@H](CCCNC(=N)N)C(=O)NCC(=O)N[C@@H](CC(=O)O)C(=O)N[C@H](Cc2ccccc2)C(=O)N1C,P08648,P05556
N=C(N)NCCC[C@H](NC(=O)[C@@H](N)Cc1ccccc1)C(=O)NCC(=O)N[C@@H](CC(=O)O)C(=O)O,P08648,P05556
NC(=O)NCCCOc1ccc(C[C@H](NC(=O)c2c(Cl)cccc2Cl)C(=O)O)cc1,P08648,P05556
COC(=O)N1CC[C@H]2NC(=O)[C@H](CC(=O)O)NC(=O)CNC(=O)[C@H](CCCNC(=N)N)NC(=O)[C@@]13C[C@@H]23,P08648,P05556
COC(=O)N1C[C@@]2(CC(C(=O)NC[C@H](NS(=O)(=O)c3c(C)cc(C)cc3C)C(=O)O)=NO2)C[C@H]1CNc1ncc[nH]1,P08648,P05556
CN1C(=O)[C@H](Cc2ccccc2)NC(=O)[C@H](CC(=O)O)NC(=O)CNC(=O)[C@H](CCCNC(=N)N)NC(=O)c2cccc(c2)-c2cccc3c(c[nH]c23)C[C@@H]1C(N)=O,P08648,P05556
COc1c2cccc1C(=O)N[C@@H](CCCNC(=N)N)C(=O)NCC(=O)N[C@@H](CC(=O)O)C(=O)N[C@H](Cc1ccccc1)C(=O)N2.O=C(O)C(F)(F)F,P08648,P05556
Cc1ccccc1NC(=O)N1C(=O)CC1CC(=O)NCC(=O)O,P08648,P05556
N=C(N)NCCCNC(=O)[C@H]1CCC(=O)N2C[C@H](CCC(=O)O)[C@H]2C1,P08648,P05556
N=C(N)Nc1cccc(C(=O)NCC(=O)N[C@@H](CC(=O)O)C(=O)NC(c2ccccc2)c2ccccc2)c1,P08648,P05556
NCc1ccc(NC(=O)N2C(=O)C[C@H]2C(=O)O)cc1.O=C(O)C(F)(F)F,P08648,P05556
COc1ccnc(NCCCOc2ccc(C[C@@H](CC(=O)O)NC(=O)c3ccc(F)cc3)cc2)c1,P08648,P05556
NC(N)=NCCC[C@H](NC(=O)[C@@H]1CSSC2(CCCCC2)C(N)C(=O)N/C(N)=N\CCC[C@H](N)C(=O)NCC(=O)N[C@H](Cc2c[nH]cn2)C(=O)N[C@@H](CCCN=C(N)N)C(=O)NCC(=O)N[C@@H](CC(=O)O)C(=O)N[C@@H](Cc2ccc(O)cc2)C(=O)N[C@@H](CCCN=C(N)N)C(=O)N1)C(=O)O,P08648,P05556
N=C(N)NCCC[C@@H]1NC(=O)c2ccc(cc2)-c2cccc3c(c[nH]c23)C[C@H](C(N)=O)NC(=O)[C@H](Cc2ccccc2)NC(=O)[C@H](CC(=O)O)NC(=O)CNC1=O,P08648,P05556
CCN(CCNC(=O)c1c(C)[nH]c(/C=C2\C(=O)Nc3ccc(F)cc32)c1C)CCOCCOCCOCc1cn(CCCCN2C[C@@H]3C[C@H]2C(=O)N[C@@H](CCCNC(=N)N)C(=O)NCC(=O)N[C@@H](CC(=O)O)C(=O)N3)nn1,P08648,P05556
COC(=O)N1C[C@@]2(CC(C(=O)NC[C@H](NS(=O)(=O)c3c(C)cc(C)cc3C)C(=O)O)=NO2)C[C@H]1CNc1nc2ccccc2[nH]1,P08648,P05556
NC(N)=NCCC[C@H](NC(=O)[C@@H]1CSSC2(CCCCC2)[C@@H](N)C(=O)N/C(N)=N\CCC[C@H](N)C(=O)NCC(=O)N[C@H](Cc2c[nH]cn2)C(=O)N[C@@H](CCCN=C(N)N)C(=O)NCC(=O)N[C@@H](CC(=O)O)C(=O)N[C@@H](Cc2ccccc2)C(=O)N[C@@H](CCCN=C(N)N)C(=O)N1)C(=O)O,P08648,P05556
N=C(N)NCCC[C@@H]1NC(=O)c2ccc(cc2)-c2cccc3c(c[nH]c23)C[C@@H](C(N)=O)NC(=O)[C@@H](Cc2ccccc2)NC(=O)[C@H](CC(=O)O)NC(=O)CNC1=O,P08648,P05556
N=C(N)NOCCOc1ccc2[nH]c(C(=O)NCC(NS(=O)(=O)c3cc(Cl)cc(Cl)c3)C(=O)O)cc2c1,P08648,P05556
Cc1cc(C)c(S(=O)(=O)[C@@H](CNC(=O)C2=NOC3(CCC(C(=O)Nc4ncc[nH]4)CC3)C2)C(=O)O)c(C)c1,P08648,P05556
COc1ccc(S(=O)(=O)N[C@@H](CNc2nc(C)nc(N3CCC(c4ccc5c(n4)NCCC5)CC3)c2C)C(=O)O)cc1,P08648,P05556
Cl.O=C1N[C@H](C(=O)O)Cc2cn(cn2)C/C=C/COc2ccc(Cl)c1c2,P08648,P05556
CCCCS(=O)(=O)N[C@@H](Cc1ccc(OCCCCC2CCNCC2)cc1)C(=O)O,P08648,P05556
O=C(O)C[C@H](NC(=O)CNC(=O)c1cc(O)cc(NC2=NCC(O)CN2)c1)c1cc(Cl)cc(Br)c1O,P08648,P06756
N=C(N)NCCC[C@@H]1NC(=O)[C@H]2COCCN2C(=O)[C@@H](Cc2ccccc2)NC(=O)[C@H](CC(=O)O)NC(=O)CNC1=O,P08648,P06756
N=C(N)NCCC[C@@H]1NC(=O)[C@@H]2COCCN2C(=O)[C@@H](Cc2ccccc2)NC(=O)[C@H](CC(=O)O)NC(=O)CNC1=O,P08648,P06756
N=C(N)NCCC[C@@H]1NC(=O)CNC(=O)[C@H](CC(=O)O)N[C@@H]2CCC[C@@H]3CC[C@@H](C1=O)N3C2=O,P08648,P06756
O=C(O)C[C@H](NC(=O)CNC(=O)c1cncc(NC2=NCC(O)CN2)c1)c1cc(Cl)cc(Br)c1O,P08648,P06756
CC(C)[C@H]1C(=O)N[C@@H](CCCNC(=N)N)C(=O)NCC(=O)N[C@@H](CC(=O)O)C(=O)N[C@H](Cc2ccccc2)C(=O)N1C,P08648,P06756
